-- phpMyAdmin SQL Dump
-- version 4.7.4
-- https://www.phpmyadmin.net/
--
-- Servidor: 127.0.0.1
-- Tiempo de generación: 06-04-2018 a las 19:37:38
-- Versión del servidor: 5.7.20-log
-- Versión de PHP: 7.1.12

SET SQL_MODE = "NO_AUTO_VALUE_ON_ZERO";
SET AUTOCOMMIT = 0;
START TRANSACTION;
SET time_zone = "+00:00";


/*!40101 SET @OLD_CHARACTER_SET_CLIENT=@@CHARACTER_SET_CLIENT */;
/*!40101 SET @OLD_CHARACTER_SET_RESULTS=@@CHARACTER_SET_RESULTS */;
/*!40101 SET @OLD_COLLATION_CONNECTION=@@COLLATION_CONNECTION */;
/*!40101 SET NAMES utf8mb4 */;

--
-- Base de datos: `sistema_webrch`
--
CREATE DATABASE IF NOT EXISTS `sistema_webrch` DEFAULT CHARACTER SET utf8 COLLATE utf8_general_ci;
USE `sistema_webrch`;

-- --------------------------------------------------------

--
-- Estructura de tabla para la tabla `categories`
--

DROP TABLE IF EXISTS `categories`;
CREATE TABLE `categories` (
  `id` int(10) UNSIGNED NOT NULL,
  `name` varchar(128) COLLATE utf8mb4_unicode_ci NOT NULL,
  `slug` varchar(128) COLLATE utf8mb4_unicode_ci NOT NULL,
  `body` mediumtext COLLATE utf8mb4_unicode_ci,
  `created_at` timestamp NULL DEFAULT NULL,
  `updated_at` timestamp NULL DEFAULT NULL
) ENGINE=InnoDB DEFAULT CHARSET=utf8mb4 COLLATE=utf8mb4_unicode_ci;

--
-- Volcado de datos para la tabla `categories`
--

INSERT INTO `categories` (`id`, `name`, `slug`, `body`, `created_at`, `updated_at`) VALUES
(1, 'Quia odit recusandae temporibus.', 'quia-odit-recusandae-temporibus', 'Aut dolorem eos numquam sed blanditiis. Est quas quasi quia repudiandae ad tenetur. Cupiditate sit quia commodi veniam et saepe. Ratione illo tempore aliquam rerum laudantium eaque eum officia. Vero quas enim qui neque. Fuga a architecto itaque qui quis rerum. Illo soluta et animi debitis et. Quia numquam nisi possimus consequatur magnam assumenda. Sint vel et et quas iusto.', '2018-03-30 20:49:47', '2018-03-30 20:49:47'),
(2, 'Quos eos voluptas eum hic eaque.', 'quos-eos-voluptas-eum-hic-eaque', 'Ut ut optio facilis sed et magnam. Veniam repellat soluta fugiat neque eos sit. Itaque delectus eos sequi necessitatibus magnam mollitia natus. Sint sit excepturi aperiam. Est optio asperiores illo tempora omnis et. Totam et voluptas error id nam voluptatem perferendis. Voluptatem ut ut libero expedita debitis. Molestiae ut est sed ea tenetur architecto ut. Molestiae nobis asperiores possimus et. Vitae autem quae id beatae tempora perspiciatis sunt. Earum ullam iure vel sed sit impedit aut non.', '2018-03-30 20:49:47', '2018-03-30 20:49:47'),
(3, 'Non quod sed dignissimos soluta nobis.', 'non-quod-sed-dignissimos-soluta-nobis', 'Reprehenderit sequi molestias dolore dolor repellat quaerat sed. Laudantium explicabo quaerat nihil inventore omnis ducimus. Expedita est sunt qui animi et quas tempore. Praesentium perferendis architecto nesciunt magni non earum. Est ea sed odio aut cum voluptatibus. Aut ex molestiae voluptas est veniam. Et necessitatibus et quod voluptatem reiciendis aliquam quo. Inventore eaque recusandae placeat voluptatem omnis. Omnis nam sequi deleniti quia.', '2018-03-30 20:49:48', '2018-03-30 20:49:48'),
(4, 'Qui qui qui nihil.', 'qui-qui-qui-nihil', 'Distinctio et dolorum odit laudantium non nihil. Molestiae dolor iusto quibusdam. Quis et ea provident expedita reprehenderit porro nam. Nesciunt dolorem ipsum illo iste ducimus non dignissimos. Error est dolores eum quas dicta. Consequatur laboriosam non nihil aut. Eveniet assumenda eum ut molestiae. Accusantium eligendi inventore et. Ea reprehenderit fugit iure commodi eos. Nesciunt impedit quasi perferendis ad.', '2018-03-30 20:49:48', '2018-03-30 20:49:48'),
(5, 'Totam corrupti enim laborum odio est.', 'totam-corrupti-enim-laborum-odio-est', 'Recusandae ea quam iure voluptatem aut omnis iste. Fugiat aut omnis nihil id facilis quisquam reiciendis. Alias culpa et blanditiis. Harum voluptatem atque quos. Fugiat eveniet et sint qui aut voluptas quia. Modi voluptates saepe autem est. Omnis beatae et asperiores ut. Eaque sit eos veritatis et culpa praesentium veritatis. Qui aspernatur vero pariatur repudiandae. Praesentium non mollitia aliquam voluptates fugit molestiae.', '2018-03-30 20:49:48', '2018-03-30 20:49:48'),
(6, 'Et doloribus voluptatem facere nisi accusamus.', 'et-doloribus-voluptatem-facere-nisi-accusamus', 'Voluptatem ad tenetur corporis voluptatibus consequatur sint molestiae. Deleniti veritatis assumenda corrupti vero consequuntur ut alias. Inventore optio mollitia illum id necessitatibus. A tenetur et quasi cumque ut provident et. Labore occaecati quis ut distinctio quo eos ipsam consequatur. Ipsa voluptatem quia aut voluptas. Esse dolor tenetur sed cum occaecati. Omnis fuga delectus quo repellendus est. Dolore est neque possimus hic.', '2018-03-30 20:49:48', '2018-03-30 20:49:48'),
(7, 'Non molestias consequatur qui consequatur incidunt.', 'non-molestias-consequatur-qui-consequatur-incidunt', 'Quia perferendis illum libero soluta facilis. Reiciendis eaque quam et ut. Et fuga rem beatae sed nobis qui odit consectetur. Sint id libero molestiae dolorum nulla et eveniet. Voluptatem tenetur qui perspiciatis nobis atque inventore corrupti. Voluptas laudantium ea et iure impedit modi velit. Et explicabo porro dolore quas. Quis consequatur id sequi velit quae culpa ut.', '2018-03-30 20:49:48', '2018-03-30 20:49:48'),
(8, 'Nostrum est sunt quibusdam voluptatem.', 'nostrum-est-sunt-quibusdam-voluptatem', 'Expedita quis laboriosam et nostrum. Hic ut est exercitationem qui voluptatibus. Nam velit aut placeat vero. Quo sit commodi perferendis minima. Eum et ea ducimus. Rem aut et consequuntur ut. Eos illum soluta inventore. Aut ut consequatur modi nulla adipisci omnis qui dolores. Asperiores omnis quam voluptas aut eos et nulla. Ea voluptatem eveniet numquam enim quia aut. Voluptatibus ea quis aut consectetur enim praesentium. Consequatur voluptas temporibus at delectus voluptas aut.', '2018-03-30 20:49:48', '2018-03-30 20:49:48'),
(9, 'Laudantium accusantium ad.', 'laudantium-accusantium-ad', 'Beatae iure ex possimus voluptas iusto. Excepturi et odit porro velit delectus dolor totam. Aut aut veniam voluptatem corporis. Et et earum quia iure natus amet hic. Amet magni libero tempore animi sint. Laborum exercitationem facilis consequatur facere. Maiores nobis debitis qui laboriosam cum quo reprehenderit. Quam animi architecto maiores impedit perferendis. Cumque fuga aut cupiditate placeat. In ut optio consequatur nulla aut enim consequuntur non.', '2018-03-30 20:49:48', '2018-03-30 20:49:48'),
(10, 'Praesentium ut repellat.', 'praesentium-ut-repellat', 'Libero non accusantium eos dolores aperiam autem. Qui officiis sint suscipit et voluptatem sint sint. Voluptas occaecati impedit sit excepturi ut numquam. Perferendis voluptas optio ducimus repellendus repudiandae. Ipsum et ipsam velit est ut fugiat. Voluptatibus et officia totam ut corporis. Harum est rerum et harum vitae deserunt inventore. Sed quod laudantium veniam cum qui.', '2018-03-30 20:49:48', '2018-03-30 20:49:48'),
(11, 'Illum voluptas modi unde praesentium.', 'illum-voluptas-modi-unde-praesentium', 'Magni doloremque rem architecto eaque. Veritatis qui ipsam eum accusamus saepe et. Laudantium aut illo consequatur et. Et praesentium ut dolorem. Sequi delectus numquam est eligendi. Omnis assumenda veritatis aut natus ipsa sequi culpa reprehenderit. Velit ratione animi aspernatur sint maiores. Eum nulla beatae eaque.', '2018-03-30 20:49:48', '2018-03-30 20:49:48'),
(12, 'Non atque quos eos ex.', 'non-atque-quos-eos-ex', 'Delectus et animi sint aperiam perspiciatis cum. Quasi deleniti perferendis voluptatem ab ipsa. Totam a vitae non magni qui. Est iusto iure quidem maxime quasi qui quis. Illo quaerat culpa eum ipsam non. Inventore minus est voluptas et tempora. Non voluptas cum rerum similique tempore. Omnis tempore repudiandae qui delectus. Est eos consequatur et alias. Sunt qui assumenda animi voluptatem in est occaecati. Commodi et ipsum et vitae eos est deleniti non. At magnam ducimus dolorem repudiandae a.', '2018-03-30 20:49:48', '2018-03-30 20:49:48'),
(13, 'Asperiores ipsum magnam non consectetur.', 'asperiores-ipsum-magnam-non-consectetur', 'Assumenda corporis aperiam est occaecati laudantium dolorem sint. Iure ullam inventore dolorem voluptatem dolores esse. Aliquam cum magni dolores dolorem ut ad totam. Aut inventore est assumenda in. Officiis ut sed similique unde fugiat et. Et ea qui illum qui dolore veniam et quia. Asperiores quo dolor nulla eos. Et sed harum ab quasi perspiciatis. Laboriosam autem ea qui temporibus molestiae sed quia. Aut ullam maxime adipisci alias incidunt. Sit quae ut est hic error.', '2018-03-30 20:49:48', '2018-03-30 20:49:48'),
(14, 'Debitis id accusamus id ipsa.', 'debitis-id-accusamus-id-ipsa', 'Aut accusantium cupiditate magni et saepe culpa deserunt. Soluta omnis sapiente vel consequuntur repellendus temporibus doloribus. Ad officia quia ea. Dolorum qui vero amet facere est nulla. Incidunt nemo voluptatem et perspiciatis illum. Et qui vero eos dolor cumque. Illo error voluptatem dignissimos quia. Maiores quidem in qui consectetur rerum et eius. Labore optio aperiam repellat.', '2018-03-30 20:49:48', '2018-03-30 20:49:48'),
(15, 'Eos id doloremque blanditiis ipsam.', 'eos-id-doloremque-blanditiis-ipsam', 'Corporis praesentium exercitationem commodi dignissimos voluptatem. Saepe necessitatibus in quo. Porro aliquam omnis cumque vel et. Consequatur soluta qui consectetur id dolorum non quisquam odio. Aliquam reprehenderit laudantium voluptates ut unde. Voluptatem consectetur molestiae praesentium distinctio debitis consequatur porro. Voluptas ab quaerat molestiae. Voluptates in culpa nihil. Aperiam sint quia velit soluta corporis nesciunt illo facere.', '2018-03-30 20:49:49', '2018-03-30 20:49:49'),
(16, 'Sequi mollitia amet debitis.', 'sequi-mollitia-amet-debitis', 'Sit itaque omnis itaque ut modi. Nisi delectus non vero ea incidunt dolorem. Ab ut saepe aut. Totam nisi aut vel aut. Illum quam consequatur in veritatis sit laudantium perspiciatis. Numquam illo voluptatem natus consequatur ipsam corrupti. Deleniti libero vel omnis consequatur quia. Corrupti ex suscipit possimus veritatis ea. Qui praesentium nihil at.', '2018-03-30 20:49:49', '2018-03-30 20:49:49'),
(17, 'Laudantium esse aliquam cumque aut.', 'laudantium-esse-aliquam-cumque-aut', 'Neque labore deserunt ad. Ea a et culpa quaerat tempora. Qui quisquam voluptas non ipsum. Qui ea voluptatem porro beatae ut. Ipsum reprehenderit doloribus cumque alias voluptatum reiciendis facilis et. Est et soluta sit aperiam vel. Quia necessitatibus quo error eligendi doloremque et vel. Quibusdam at placeat non accusamus.', '2018-03-30 20:49:49', '2018-03-30 20:49:49'),
(18, 'Culpa quia quia id voluptatibus.', 'culpa-quia-quia-id-voluptatibus', 'Pariatur praesentium vero ratione voluptate. Explicabo enim quis autem. Nobis vel labore sint et nesciunt in. Odio dolorum voluptatibus dolorem dignissimos cumque. Quo corrupti perspiciatis deleniti hic maiores illum. Vero architecto molestiae est. Et non deserunt eos possimus aut.', '2018-03-30 20:49:49', '2018-03-30 20:49:49'),
(19, 'Tempora repudiandae quis quibusdam cum.', 'tempora-repudiandae-quis-quibusdam-cum', 'Omnis voluptatem similique unde et omnis eos accusantium. Debitis eos maiores in voluptatem. Consequatur beatae nesciunt ratione velit officia voluptas aut eum. In minus ab atque qui sed saepe quos. Earum numquam est ratione eos sunt sit. Aliquam sapiente tempora itaque aut illo distinctio impedit et. Voluptas corrupti nobis consequuntur provident. Quas quae cumque blanditiis ratione ex. Voluptates saepe ut et sit.', '2018-03-30 20:49:49', '2018-03-30 20:49:49'),
(20, 'Sed ut consequatur.', 'sed-ut-consequatur', 'Voluptas sit enim fugit sed. Ipsa deleniti dolorem modi eos consequatur cumque aliquid. Vero odit architecto ullam ullam neque recusandae. Aut et soluta eligendi quia architecto eligendi exercitationem. Perferendis vitae eum laudantium enim placeat eos ea. Qui accusantium et aliquam dolorum est repellendus animi. Veritatis eos odio earum dolorem nulla pariatur dolorem. Id pariatur ipsum eos veniam.', '2018-03-30 20:49:49', '2018-03-30 20:49:49'),
(21, 'Medio Ambiente', 'medio-ambiente', NULL, '2018-04-06 21:02:26', '2018-04-06 21:02:26');

-- --------------------------------------------------------

--
-- Estructura de tabla para la tabla `migrations`
--

DROP TABLE IF EXISTS `migrations`;
CREATE TABLE `migrations` (
  `id` int(10) UNSIGNED NOT NULL,
  `migration` varchar(255) COLLATE utf8mb4_unicode_ci NOT NULL,
  `batch` int(11) NOT NULL
) ENGINE=InnoDB DEFAULT CHARSET=utf8mb4 COLLATE=utf8mb4_unicode_ci;

--
-- Volcado de datos para la tabla `migrations`
--

INSERT INTO `migrations` (`id`, `migration`, `batch`) VALUES
(19, '2014_10_12_000000_create_users_table', 1),
(20, '2014_10_12_100000_create_password_resets_table', 1),
(21, '2018_03_30_151746_create_categories_table', 1),
(22, '2018_03_30_151813_create_posts_table', 1),
(23, '2018_03_30_151842_create_tags_table', 1),
(24, '2018_03_30_152118_create_post_tag_table', 1);

-- --------------------------------------------------------

--
-- Estructura de tabla para la tabla `password_resets`
--

DROP TABLE IF EXISTS `password_resets`;
CREATE TABLE `password_resets` (
  `email` varchar(255) COLLATE utf8mb4_unicode_ci NOT NULL,
  `token` varchar(255) COLLATE utf8mb4_unicode_ci NOT NULL,
  `created_at` timestamp NULL DEFAULT NULL
) ENGINE=InnoDB DEFAULT CHARSET=utf8mb4 COLLATE=utf8mb4_unicode_ci;

-- --------------------------------------------------------

--
-- Estructura de tabla para la tabla `posts`
--

DROP TABLE IF EXISTS `posts`;
CREATE TABLE `posts` (
  `id` int(10) UNSIGNED NOT NULL,
  `user_id` int(10) UNSIGNED NOT NULL,
  `category_id` int(10) UNSIGNED NOT NULL,
  `name` varchar(128) COLLATE utf8mb4_unicode_ci NOT NULL,
  `slug` varchar(128) COLLATE utf8mb4_unicode_ci NOT NULL,
  `excerpt` mediumtext COLLATE utf8mb4_unicode_ci,
  `body` text COLLATE utf8mb4_unicode_ci NOT NULL,
  `status` enum('PUBLISHED','DRAFT') COLLATE utf8mb4_unicode_ci NOT NULL DEFAULT 'DRAFT',
  `file` varchar(128) COLLATE utf8mb4_unicode_ci DEFAULT NULL,
  `created_at` timestamp NULL DEFAULT NULL,
  `updated_at` timestamp NULL DEFAULT NULL
) ENGINE=InnoDB DEFAULT CHARSET=utf8mb4 COLLATE=utf8mb4_unicode_ci;

--
-- Volcado de datos para la tabla `posts`
--

INSERT INTO `posts` (`id`, `user_id`, `category_id`, `name`, `slug`, `excerpt`, `body`, `status`, `file`, `created_at`, `updated_at`) VALUES
(1, 25, 15, 'Et voluptatibus quia provident accusamus.', 'et-voluptatibus-quia-provident-accusamus', 'Omnis fugiat explicabo explicabo voluptatum quia. Vel eos voluptatem vel deserunt. Quasi est eos repellendus magnam. Nihil dicta eos blanditiis omnis et quibusdam nihil eligendi.', 'Sequi quis aut voluptates perferendis. Et non eum est quisquam cumque officiis autem. Quia sit amet ipsam explicabo ipsa. Distinctio dolorum quis maxime et. Perspiciatis et voluptates illo est enim ut repellendus. Recusandae fugiat sed at rerum nemo. Fugiat nam aut pariatur eum itaque ipsa debitis. Magnam nobis sint velit aut ut et ab. Beatae sequi quis delectus ut eius non ratione. Ea qui debitis quas esse cum. Tempora ducimus quas optio sed.', 'DRAFT', 'https://lorempixel.com/1200/400/?32907', '2018-03-30 20:49:50', '2018-03-30 20:49:50'),
(2, 7, 8, 'Nihil natus dolores eaque ipsam.', 'nihil-natus-dolores-eaque-ipsam', 'Est repudiandae at sit incidunt reiciendis. Voluptatum inventore odit voluptas eos ut doloribus porro. In dicta consectetur ut.', 'Sint aperiam ea vel. Dolores autem ut libero saepe maxime. Perspiciatis sed harum repellat deleniti. Dolore cupiditate eos dolorem. Quidem quia ut aspernatur modi pariatur vel ipsa inventore. Illum et eaque enim tempore ab corporis distinctio. Atque et et sit doloremque temporibus cumque. Maiores ipsum quaerat alias qui temporibus eos. Dicta impedit veniam distinctio eum dolore ratione sit. Numquam voluptatibus facere dolores amet.', 'DRAFT', 'https://lorempixel.com/1200/400/?43542', '2018-03-30 20:49:50', '2018-03-30 20:49:50'),
(3, 30, 11, 'Nemo eum ea corrupti rem magni.', 'nemo-eum-ea-corrupti-rem-magni', 'Sint autem odit rerum voluptate natus. Sed distinctio voluptatem sit eveniet quia dicta. Et rerum consequatur vitae.', 'Sint nam laudantium velit et expedita. Laudantium sed labore rerum voluptatem quo. Sint consequatur voluptatem porro ex et rerum. Labore rerum quo quia aliquam adipisci. Ut quae eaque ea voluptate. Non atque et ut sed. Fugiat omnis vel totam consequatur quia. Non quia ut doloribus excepturi in sed nihil. Tempora vitae autem sint in ullam provident natus consectetur. Totam vero et ut. Dicta quaerat quasi voluptatem ab non.', 'PUBLISHED', 'https://lorempixel.com/1200/400/?10416', '2018-03-30 20:49:50', '2018-03-30 20:49:50'),
(4, 17, 11, 'Voluptas eos consectetur autem.', 'voluptas-eos-consectetur-autem', 'Ipsa quidem dolorum qui iusto. Dicta beatae officia quaerat. Corrupti et fugit ut porro.', 'Totam facere sequi eaque explicabo sunt repudiandae. Reprehenderit numquam optio molestiae rerum. Vel labore enim consequatur voluptate. Qui et qui sint. Ratione officiis quam eveniet placeat. Quo amet voluptatem illum quis tempora quae. Dolor officiis accusamus minima autem totam rerum. Rerum pariatur nisi et ea eum autem.', 'PUBLISHED', 'https://lorempixel.com/1200/400/?33201', '2018-03-30 20:49:50', '2018-03-30 20:49:50'),
(5, 10, 6, 'Consequuntur eos perferendis accusantium.', 'consequuntur-eos-perferendis-accusantium', 'Rerum quia nihil mollitia quisquam. Commodi modi autem aut incidunt et aut.', 'Magni unde omnis facilis et. Eum nesciunt iusto qui corrupti sequi eum. Illo ipsum rerum odit et. Sed fugit in ipsum magni hic aliquid asperiores et. Voluptatum adipisci et rem numquam ex. Eveniet non impedit est fugit natus. Excepturi rerum quas nemo. Explicabo voluptatem sint ex dolore eligendi distinctio et. Et deleniti repellat quae repudiandae assumenda.', 'PUBLISHED', 'https://lorempixel.com/1200/400/?79473', '2018-03-30 20:49:50', '2018-03-30 20:49:50'),
(6, 22, 14, 'Dolor libero nihil dolores aut.', 'dolor-libero-nihil-dolores-aut', 'Consequatur ea dolorem quasi porro blanditiis ullam ut. Animi dolores facere distinctio voluptatem illum rem provident quam. Voluptas natus dolorem illum et quae.', 'Eveniet minus voluptate iste. Quisquam recusandae et ut quae. Molestiae nihil ea officia libero qui. Eligendi sit harum quia quam voluptatum odio quaerat praesentium. Qui rem perferendis et. Fuga at illo aspernatur explicabo consequuntur architecto. Ut necessitatibus dolor voluptatum distinctio odio accusantium. Alias quo voluptas repellendus enim non hic error.', 'DRAFT', 'https://lorempixel.com/1200/400/?80091', '2018-03-30 20:49:51', '2018-03-30 20:49:51'),
(7, 28, 6, 'Quis quas earum blanditiis tempore.', 'quis-quas-earum-blanditiis-tempore', 'Voluptas eos sunt odit. Non molestiae dolores reiciendis cupiditate praesentium vitae eum inventore. Ut illum fugiat cumque in ea tenetur.', 'Rerum recusandae perferendis ullam quia animi. Id est occaecati provident. Sit ex et amet. Praesentium illum rerum esse quos voluptates dignissimos. Culpa rem aut architecto voluptatibus. Dolore ea voluptatum accusamus qui. Fuga ratione est vero quisquam ea ut facilis. Odit qui animi magnam et temporibus aut. Dolor et et nesciunt ut.', 'DRAFT', 'https://lorempixel.com/1200/400/?24656', '2018-03-30 20:49:51', '2018-03-30 20:49:51'),
(8, 7, 14, 'Doloribus at ea est.', 'doloribus-at-ea-est', 'Eius saepe corrupti eum dolor minima. Voluptas sequi neque et ducimus. Ut omnis voluptas nemo voluptatem quo. Enim illum odit eius expedita aspernatur dolore.', 'Autem ipsum necessitatibus vel ut velit rerum. Dolores quo saepe ullam amet commodi dolor. At omnis animi delectus. Aut autem vitae vel architecto dolor nisi. Aut id impedit vel excepturi. At cupiditate in numquam aliquid est. Dolorem sit ullam error illum similique. Esse sed officia aut et magni harum quos aspernatur. Aut iste ducimus dolorem magni vel dolor et. Occaecati maxime atque eveniet cumque consequatur a id dolores.', 'DRAFT', 'https://lorempixel.com/1200/400/?39073', '2018-03-30 20:49:51', '2018-03-30 20:49:51'),
(9, 15, 2, 'Veniam saepe quis sit.', 'veniam-saepe-quis-sit', 'Ducimus sed voluptas ut nemo. Nihil est veritatis maxime enim. Voluptatem eos fuga consequatur qui. Eum exercitationem perferendis vel sunt non quibusdam ut.', 'Quis magni quisquam est architecto. Quia nisi sed porro consequatur dolorum quia. Aut eligendi in iusto voluptatum iure. Quidem omnis ut aperiam quod autem in id ullam. Laudantium deleniti aut non ut quo voluptas neque. Architecto iure eos magnam provident. Et reprehenderit facilis est rerum quis voluptate voluptas. Omnis ut animi et qui commodi. Sint corporis repellendus perspiciatis nisi unde. Dolorum inventore repellat officia incidunt fugiat doloribus et.', 'PUBLISHED', 'https://lorempixel.com/1200/400/?18102', '2018-03-30 20:49:51', '2018-03-30 20:49:51'),
(10, 28, 3, 'Aut voluptatem quia voluptatem.', 'aut-voluptatem-quia-voluptatem', 'Delectus quia perspiciatis aut odio qui ullam. Sit ea esse aspernatur reprehenderit earum ducimus et. Recusandae aliquam consequatur eveniet placeat velit eum. Officiis quisquam aliquid non.', 'Provident quidem labore architecto iure harum corrupti. Placeat voluptatem eos dolores numquam ullam. Asperiores praesentium assumenda est a minus omnis impedit. Deleniti aut rem architecto voluptas et consequuntur. Iste doloremque pariatur porro nostrum odit exercitationem molestiae. Soluta iste id ipsum optio id ipsa. Non consectetur optio pariatur illo rerum. Eveniet assumenda eos qui saepe a. Harum iusto et ut facilis incidunt est dolor. Itaque non quidem nihil at.', 'DRAFT', 'https://lorempixel.com/1200/400/?85514', '2018-03-30 20:49:51', '2018-03-30 20:49:51'),
(11, 13, 15, 'Perferendis corporis rerum aliquid.', 'perferendis-corporis-rerum-aliquid', 'Est esse modi tempore dolorum deleniti eius. Eos quae quia consectetur optio. Reprehenderit quibusdam nisi sit est. Rerum aut non quasi magni molestiae numquam illo.', 'Porro inventore quam amet culpa. Repellat suscipit odio laborum necessitatibus aliquid delectus dolor. Facere voluptatem ad vel sed. Qui libero fugiat aut a occaecati nesciunt. Et voluptatibus beatae et. Dolores dolorum dolores quisquam. Est sunt officia doloremque dolorem. In ut ut sint ab facilis error consequuntur. Et facere quis qui neque. Qui iusto numquam est explicabo iusto. Eius blanditiis et ut consequuntur fuga nihil. Earum et quis non iusto neque nobis voluptatem et.', 'DRAFT', 'https://lorempixel.com/1200/400/?38068', '2018-03-30 20:49:51', '2018-03-30 20:49:51'),
(12, 23, 10, 'Ut dolorem amet omnis voluptas.', 'ut-dolorem-amet-omnis-voluptas', 'Rerum dolorum illo ratione labore et facilis rem. Nobis fugit voluptatem recusandae aperiam ipsam. Repellendus inventore rem maiores.', 'Officia non nihil est consequatur. Voluptate illum reprehenderit sint ipsam rerum. Voluptate aut placeat omnis nulla voluptas. Molestias non fugiat nihil dolore. Ad sint eos amet culpa. Natus dolor deserunt qui. Molestiae ullam sed voluptas at nihil. Labore eos harum voluptatem eos voluptatem. Aut iure aliquam numquam tempora temporibus est. Molestiae iste necessitatibus non eos.', 'DRAFT', 'https://lorempixel.com/1200/400/?38668', '2018-03-30 20:49:51', '2018-03-30 20:49:51'),
(13, 20, 6, 'Explicabo laboriosam nostrum nostrum.', 'explicabo-laboriosam-nostrum-nostrum', 'Voluptates optio nesciunt impedit repellat. Neque ipsa at non est. Ad necessitatibus reiciendis consequatur non ea.', 'Et repellendus culpa vero qui corporis ut et sunt. Ut reiciendis modi et. Dolore qui consequuntur in rem optio ea in. Quos labore occaecati laborum enim veniam fuga. Est et blanditiis omnis facilis voluptates voluptates minima. Sed recusandae culpa minus porro optio doloremque sit. Voluptate ex eos est quis ut corrupti reprehenderit. Magnam qui saepe voluptatem modi. Repudiandae voluptatum et architecto ad.', 'PUBLISHED', 'https://lorempixel.com/1200/400/?84957', '2018-03-30 20:49:51', '2018-03-30 20:49:51'),
(14, 21, 2, 'Rerum suscipit distinctio.', 'rerum-suscipit-distinctio', 'Eum repellat voluptatem magni impedit sunt dolorem dignissimos. At asperiores molestiae autem molestias vel occaecati aut id. Odit saepe fugiat vel ut voluptatum eum molestiae.', 'Rerum enim similique similique facere corporis molestiae quis et. Voluptates quia ut eius culpa et. Est quo nesciunt corporis est aut modi sed. Aut veritatis cupiditate facere eos similique ab. Libero alias illo eligendi fugiat aut. Debitis velit labore sed minus doloremque. Sint odio adipisci eaque aut perspiciatis harum. Labore suscipit commodi est. Iste explicabo quod suscipit quibusdam ad adipisci. Sed autem corrupti quam quis harum et hic. Occaecati impedit et fugiat esse dolores.', 'DRAFT', 'https://lorempixel.com/1200/400/?94574', '2018-03-30 20:49:51', '2018-03-30 20:49:51'),
(15, 14, 1, 'Nisi molestiae est.', 'nisi-molestiae-est', 'Impedit ipsam voluptatem aut perspiciatis sapiente dolorem omnis. Atque illum nisi sunt ipsa et incidunt. Qui aut praesentium laboriosam similique.', 'Hic soluta unde consequatur nam earum totam dolorum. Molestiae est dolorem doloremque molestiae consectetur perspiciatis. Quasi aut itaque laudantium voluptas sequi deserunt dolores. Voluptate dolorem nesciunt quibusdam quis molestias sunt animi. Odio temporibus perspiciatis sed et eveniet praesentium ipsa. Aliquam omnis dolorem numquam accusantium quia consequatur aut. Ut mollitia numquam aut molestias id itaque. At a rerum ex aut ad est. Rerum quia quaerat ut.', 'PUBLISHED', 'https://lorempixel.com/1200/400/?85130', '2018-03-30 20:49:51', '2018-03-30 20:49:51'),
(16, 13, 6, 'Autem dicta ut autem.', 'autem-dicta-ut-autem', 'Praesentium numquam natus mollitia reiciendis. Rem quod architecto asperiores necessitatibus rerum corporis illo. Suscipit sit earum hic et dicta fugiat et.', 'Cupiditate dolor commodi incidunt expedita assumenda recusandae. Enim laudantium quam maxime et deserunt. Impedit et et enim facilis est. Velit voluptatem voluptatibus assumenda suscipit soluta necessitatibus quidem. Cum quia omnis vero quos. Qui pariatur minus delectus id nihil eligendi voluptatem nisi. Nostrum quasi excepturi aspernatur enim cupiditate officiis. Consequatur voluptatem nobis quam enim sapiente. Voluptas eveniet totam atque est minima corrupti.', 'PUBLISHED', 'https://lorempixel.com/1200/400/?86150', '2018-03-30 20:49:51', '2018-03-30 20:49:51'),
(17, 20, 12, 'Eum est perspiciatis.', 'eum-est-perspiciatis', 'Qui alias ea eos consequatur sed. Esse sequi expedita reprehenderit qui id harum.', 'Porro eius eum esse ut. Non libero ratione culpa minima. Modi blanditiis dolorum consequatur nemo eum maiores. Repellat voluptatem cum perspiciatis et explicabo. Debitis exercitationem veritatis deserunt minus doloremque. Porro corporis impedit praesentium aut quaerat. Quas facere a nesciunt nihil quisquam odio iusto. Rerum id molestias quia ratione consequatur ipsam eveniet. Non aliquid nisi assumenda odit cumque voluptate consequatur.', 'PUBLISHED', 'https://lorempixel.com/1200/400/?37768', '2018-03-30 20:49:51', '2018-03-30 20:49:51'),
(18, 1, 20, 'Quam consequatur nemo fuga tempore esse.', 'quam-consequatur-nemo-fuga-tempore-esse', 'Asperiores repellat veniam quam itaque rerum. Quis qui similique ut dolor. Qui quos quibusdam aliquam tenetur. Deserunt laudantium praesentium qui ex ut nihil.', 'Maiores ducimus aut ducimus saepe. Temporibus saepe aut quos iure iste. Quod odio quae mollitia asperiores dolorem et esse. Id at nihil dolorum aut maxime qui. Non quam et aut doloribus. Consequuntur amet sunt tempore alias. Alias libero aliquid explicabo velit. Optio dolor rerum officia omnis.', 'PUBLISHED', 'https://lorempixel.com/1200/400/?82301', '2018-03-30 20:49:51', '2018-03-30 20:49:51'),
(19, 19, 12, 'Iure velit eveniet voluptatem.', 'iure-velit-eveniet-voluptatem', 'Quia in corporis consequatur aut soluta. Dolor in quia modi qui. Aperiam debitis unde nisi.', 'Odit expedita qui repellat qui. Reiciendis sunt at maiores et voluptates. Harum blanditiis ad natus et qui facere impedit eum. Placeat iure voluptas ratione perspiciatis. Perferendis perferendis doloribus aperiam repudiandae. Dolorum laborum provident molestiae. Quas omnis officia cum nulla libero. Dolorum animi dolor molestiae dolorum nostrum similique sapiente. Qui ut et velit voluptatum quia. Qui earum quo quasi. A qui autem asperiores quidem alias quod nam non.', 'PUBLISHED', 'https://lorempixel.com/1200/400/?30379', '2018-03-30 20:49:51', '2018-03-30 20:49:51'),
(20, 10, 3, 'Magnam repudiandae aliquam ab.', 'magnam-repudiandae-aliquam-ab', 'Ut quod ad et ut. Facilis amet quod pariatur quibusdam repudiandae est.', 'Dolor eum doloribus et consectetur dignissimos velit ipsum. Quo sapiente ut officia sint eum deserunt quaerat. Ipsum blanditiis qui alias amet officiis. Cum qui voluptatibus est quod nihil amet expedita. Ut dolores ducimus deleniti nisi sint. Aliquam reprehenderit excepturi qui quia iure dolor excepturi. Officia accusantium earum molestias aut aut est itaque. Voluptas maxime sint ad explicabo voluptate aspernatur quasi.', 'DRAFT', 'https://lorempixel.com/1200/400/?63206', '2018-03-30 20:49:51', '2018-03-30 20:49:51'),
(21, 15, 16, 'Libero asperiores numquam quia et doloremque.', 'libero-asperiores-numquam-quia-et-doloremque', 'Sit quos amet ipsum quis sed accusantium soluta est. Laudantium odit ad molestiae. Ut qui omnis nostrum inventore expedita fugit. Aliquid esse facere animi tempore aut.', 'Eos quis ad dolor exercitationem. Et nihil repudiandae ut aut. Natus placeat quia a dolores accusantium veritatis. Ratione nobis omnis aspernatur alias adipisci numquam blanditiis. Voluptas odio exercitationem autem eos occaecati enim ratione. Corrupti aliquam enim tempore dolorum explicabo quo est. Recusandae expedita nostrum illo et est eaque occaecati. Voluptatibus omnis expedita accusantium saepe quisquam cum.', 'DRAFT', 'https://lorempixel.com/1200/400/?76644', '2018-03-30 20:49:52', '2018-03-30 20:49:52'),
(23, 19, 18, 'Dolorem dolorem minus doloribus vero et.', 'dolorem-dolorem-minus-doloribus-vero-et', 'Alias maxime qui amet aut repudiandae. Est ea sit fugiat quis. Ipsum cumque ratione architecto neque minima maiores. Delectus quia ea dignissimos est hic.', 'Vero et tempora nihil sapiente ut. Rerum perspiciatis accusamus ea consequuntur voluptate odio. Voluptatem doloremque est dolorum et. Alias ut est dolor reiciendis non sit labore. Ipsum facere nemo placeat assumenda dolor tempore inventore praesentium. Porro pariatur soluta qui repudiandae fuga. Libero officiis a quibusdam omnis sed.', 'DRAFT', 'https://lorempixel.com/1200/400/?28635', '2018-03-30 20:49:52', '2018-03-30 20:49:52'),
(24, 28, 11, 'Totam officia facilis nihil provident.', 'totam-officia-facilis-nihil-provident', 'Dignissimos aut ipsa delectus totam veniam culpa quaerat. Quae corrupti sapiente voluptatem. Nemo similique eum officiis consequatur vitae. Voluptatibus sit quia omnis sit.', 'Facere quia soluta sint praesentium. Et labore est cum ipsam dolorum velit dolorem dolores. Eaque inventore praesentium voluptatibus dicta sunt ut. Et consectetur culpa deleniti modi atque. Et nobis debitis officia similique. Neque qui quisquam aut qui. Modi qui quibusdam quas culpa occaecati voluptate sapiente atque. Itaque dolor alias illo ratione qui aliquam. Non repudiandae quasi odit qui perferendis et et.', 'PUBLISHED', 'https://lorempixel.com/1200/400/?43870', '2018-03-30 20:49:52', '2018-03-30 20:49:52'),
(25, 20, 13, 'Dicta doloremque sint sed provident consequuntur.', 'dicta-doloremque-sint-sed-provident-consequuntur', 'Quis id voluptatem delectus aspernatur voluptates. Id dolores voluptatem incidunt aperiam sed. Accusantium aliquid eos atque nisi.', 'Nemo nobis laboriosam reprehenderit. Qui commodi aut ut mollitia quod omnis. Id repellat omnis doloremque qui illo et. Aut numquam enim aut. Ut facilis quis laudantium quam ea iste eum. Quis ut illo corrupti aut. Quaerat ipsam deleniti voluptatem a voluptatem officia nisi. Officiis omnis id ut quas illo ad. In unde praesentium quis earum excepturi. Suscipit veniam amet molestiae alias recusandae molestias.', 'DRAFT', 'https://lorempixel.com/1200/400/?32250', '2018-03-30 20:49:52', '2018-03-30 20:49:52'),
(26, 23, 16, 'Quia eum est eos consequatur.', 'quia-eum-est-eos-consequatur', 'Sint non et velit dolorum labore illum. Non ad voluptate esse eos iste ut provident. Ut reprehenderit assumenda mollitia rerum.', 'Voluptas ipsum perspiciatis iste dolore ab. Non eaque sapiente consectetur consequatur alias. Ut consequatur voluptas nisi autem. Provident nulla ad error enim magnam. Beatae magni sed fuga quia et beatae. Ut laborum beatae voluptatum quia molestias aspernatur. Labore nostrum perspiciatis mollitia minus beatae. Voluptatem provident iure et error in laboriosam.', 'PUBLISHED', 'https://lorempixel.com/1200/400/?49291', '2018-03-30 20:49:52', '2018-03-30 20:49:52'),
(27, 22, 16, 'Ut magnam error.', 'ut-magnam-error', 'Impedit odit dolorem eum sed voluptatum. Et architecto fugiat vel corporis voluptas. Ipsum repudiandae ut architecto.', 'Minus culpa aut quia ut cupiditate inventore. Voluptatem dolor asperiores omnis aut inventore similique. Molestiae reiciendis velit omnis quo qui maxime. Qui fugiat est omnis blanditiis esse. Dolorem incidunt facere cupiditate enim. Quibusdam aut quis fugit incidunt exercitationem. Qui animi eos et eos. Vitae est consectetur molestias ut quo molestias. Et asperiores tenetur consequatur quia voluptatem eos recusandae adipisci.', 'PUBLISHED', 'https://lorempixel.com/1200/400/?56397', '2018-03-30 20:49:52', '2018-03-30 20:49:52'),
(28, 24, 5, 'Adipisci fuga esse inventore quasi.', 'adipisci-fuga-esse-inventore-quasi', 'Quia distinctio expedita sit optio placeat voluptates. Magni eos dolore excepturi illum ex et iste. Est accusantium cum architecto aliquam.', 'Impedit eos eum id sit odit officiis omnis adipisci. Impedit ut quia veniam deleniti quia illum. Ut magnam numquam et aspernatur aliquam est repellat. Totam doloribus possimus laborum sint dignissimos ipsa. Et voluptatem possimus rerum praesentium. Quae placeat consequatur deserunt sit quae. Odit nihil et vel incidunt consequatur. Porro quis sint facilis aspernatur iure dolor est. Voluptas tempora et quas repellat ad. Repudiandae sed omnis nesciunt et sit.', 'PUBLISHED', 'https://lorempixel.com/1200/400/?85062', '2018-03-30 20:49:52', '2018-03-30 20:49:52'),
(29, 26, 14, 'Quisquam voluptatibus ipsa quo repellat.', 'quisquam-voluptatibus-ipsa-quo-repellat', 'Omnis architecto odit fugit distinctio. Eum aut quaerat sapiente nulla. Eaque quo soluta iste magnam in sed.', 'Nemo eius reprehenderit placeat illum id iste. Ipsam et itaque est quidem. Ex reiciendis quos sed sapiente numquam quidem. Recusandae illum quae impedit iste qui ipsam debitis. Rerum et ut nesciunt eum hic soluta. Quam labore non aut quaerat minima eum temporibus. Dolore excepturi officiis quo quia. Veniam culpa illo iusto incidunt tempore adipisci rerum.', 'DRAFT', 'https://lorempixel.com/1200/400/?95449', '2018-03-30 20:49:52', '2018-03-30 20:49:52'),
(30, 14, 11, 'Aspernatur tenetur sit aliquid.', 'aspernatur-tenetur-sit-aliquid', 'Atque sed occaecati eum ut eum. Laborum ducimus expedita odio sit voluptatem laboriosam aspernatur. Quisquam qui similique quasi mollitia aliquid illum. Itaque nihil voluptate corrupti.', 'Non voluptatem et qui debitis rem ut odio. Nulla tenetur ut sed et et. Quo dolore aut qui rerum non magnam tempora minus. Quod consectetur in aut asperiores optio rerum. Vel et ex ratione possimus nemo sed autem. Aspernatur in consectetur omnis commodi aut ducimus sit. Vitae dolores odio vero sunt ratione quia consequatur eum. Aut labore non recusandae vel in rerum. Laudantium sequi omnis tempora commodi repellendus.', 'DRAFT', 'https://lorempixel.com/1200/400/?10559', '2018-03-30 20:49:52', '2018-03-30 20:49:52'),
(31, 17, 4, 'Qui quia ut nulla mollitia.', 'qui-quia-ut-nulla-mollitia', 'Iusto alias impedit et et omnis. Dolores impedit mollitia expedita asperiores. Ut voluptate aut molestias nostrum. Sequi quis rerum qui veniam laudantium non et.', 'Doloribus explicabo ut molestiae vel. Aliquam odio sit nesciunt sed omnis ut quis. A quis voluptas nisi asperiores aut quia ipsa maxime. Animi temporibus corporis aperiam. Laboriosam maxime qui voluptatem illo est accusamus fuga ipsam. Quo consequatur quis molestiae. Non possimus aperiam possimus delectus vel ad id.', 'PUBLISHED', 'https://lorempixel.com/1200/400/?88532', '2018-03-30 20:49:52', '2018-03-30 20:49:52'),
(32, 30, 8, 'Voluptatem velit qui.', 'voluptatem-velit-qui', 'Velit tempora voluptas accusantium unde voluptates voluptate nostrum. Nam itaque et impedit. Libero aut itaque quia quae tenetur voluptas delectus.', 'Vero perspiciatis iusto cupiditate vel earum. Quibusdam neque facilis veritatis illo qui nihil vitae. Laborum blanditiis explicabo tempore quasi quisquam magni natus quia. Omnis qui reiciendis aut molestias. Veniam dolorem aliquid itaque. Praesentium qui deleniti dignissimos praesentium. Animi ipsam aut sed. Qui reiciendis ex earum ea officia.', 'DRAFT', 'https://lorempixel.com/1200/400/?22405', '2018-03-30 20:49:52', '2018-03-30 20:49:52'),
(33, 3, 13, 'Non facere sunt aperiam.', 'non-facere-sunt-aperiam', 'Et omnis iste culpa dolores et. Enim aliquam excepturi unde minus maiores aut. Enim eveniet unde beatae odit quia et rerum. Ut est voluptates quia labore.', 'Omnis cupiditate ut ratione autem atque. Dicta aliquid harum non optio maxime reprehenderit ea. Quibusdam eum et quam est doloremque aperiam et. Ea odio fugit qui ea. Temporibus molestiae dolores provident ipsam. Non sapiente sed tempora magni voluptas dignissimos. Error voluptatum dolor aut esse dolorem voluptatibus perspiciatis. Fugit animi nihil quaerat earum. Cumque quos aperiam quia quo eligendi itaque accusantium et.', 'PUBLISHED', 'https://lorempixel.com/1200/400/?45373', '2018-03-30 20:49:52', '2018-03-30 20:49:52'),
(34, 24, 3, 'Eum placeat rem.', 'eum-placeat-rem', 'Et hic cum aut autem quod modi et non. Sapiente aperiam rem similique id molestiae aut. Nobis tempora eum in.', 'Magnam dignissimos voluptas sunt et. Doloremque saepe tenetur iste maxime. Consectetur ea iusto est. Fuga doloribus veniam dignissimos esse. Asperiores magni enim et veniam sit et. Magni animi libero excepturi. Tenetur ut quia nobis omnis. Facilis eos corrupti voluptas minus qui. Consequuntur itaque expedita repellendus facere excepturi at tempore. Necessitatibus rerum adipisci natus et odit. Nulla asperiores commodi et eius.', 'DRAFT', 'https://lorempixel.com/1200/400/?85108', '2018-03-30 20:49:52', '2018-03-30 20:49:52'),
(35, 16, 15, 'Saepe molestiae quia laborum sunt.', 'saepe-molestiae-quia-laborum-sunt', 'Voluptas et magni est. Quo saepe magni excepturi ipsum. Ratione nam aut rerum in consequatur atque. Sunt est dolorum ipsa ea corrupti. Dolor omnis eligendi alias placeat provident neque at.', 'Aperiam est incidunt quas omnis quibusdam neque. Harum exercitationem quisquam doloremque est qui quia dolore facilis. Enim aperiam nihil et amet consequuntur ipsa aspernatur nulla. Molestias blanditiis dolor et ipsam tempora dolor laborum non. Ipsum in qui dolor amet id. Quis sed voluptatem est accusamus libero. Facere et et pariatur occaecati molestiae. Non asperiores explicabo omnis voluptas voluptatem ut doloremque. Fuga distinctio eligendi tenetur animi porro nisi.', 'PUBLISHED', 'https://lorempixel.com/1200/400/?88482', '2018-03-30 20:49:52', '2018-03-30 20:49:52'),
(36, 2, 14, 'Minima repellendus quis.', 'minima-repellendus-quis', 'Ipsam et quam ut et et deserunt deserunt. Ducimus omnis dolorem est soluta vel recusandae. Et qui doloremque commodi at est. Facere enim odit velit quia veritatis voluptatem.', 'Nulla nihil quo expedita. Voluptas fugiat sunt maxime quis. Et eveniet porro deserunt quaerat porro. Esse veritatis quo nostrum fugit. Voluptatem quas ad ut autem ipsa. Maxime molestiae occaecati fugit molestias quia. Laboriosam et expedita alias molestias. Rerum ipsam ut ut dolore quo. Quae magnam excepturi ea facere ut ipsa. Ut in voluptates quidem incidunt. Tenetur sed ducimus voluptate et quis dicta.', 'PUBLISHED', 'https://lorempixel.com/1200/400/?24044', '2018-03-30 20:49:52', '2018-03-30 20:49:52'),
(37, 1, 7, 'Mollitia illo quibusdam consequatur sunt.', 'mollitia-illo-quibusdam-consequatur-sunt', 'Quis non tempore qui dolore qui ab. Et aut quis eum molestiae provident omnis commodi. Voluptatibus repudiandae beatae at reiciendis aut enim.', 'Voluptatem quia illum voluptatem quae ducimus aliquam. Et doloremque aut autem. Et laudantium reiciendis numquam quo. Quia consequatur voluptatum et consequuntur ut sint ut reiciendis. Velit quibusdam perferendis tempora aperiam. Adipisci commodi recusandae qui velit tempora et similique. Error quas neque non.', 'DRAFT', 'https://lorempixel.com/1200/400/?28173', '2018-03-30 20:49:52', '2018-03-30 20:49:52'),
(38, 28, 6, 'Suscipit rerum consequatur voluptatibus.', 'suscipit-rerum-consequatur-voluptatibus', 'Rerum veritatis cum quasi inventore quaerat ipsam quasi. Ab dolor inventore qui quod est aut.', 'Perferendis dignissimos officiis magni. Et sed laudantium sit illo explicabo aliquid. Rem et blanditiis ea ipsum. Voluptatem omnis omnis non voluptatem. Autem sint porro ab ut. Omnis voluptas quia ut accusamus et. Laborum quia perferendis in assumenda. Quasi similique placeat corporis porro. Ea quas qui rerum aut necessitatibus. In aut alias natus suscipit et cupiditate sapiente.', 'PUBLISHED', 'https://lorempixel.com/1200/400/?17902', '2018-03-30 20:49:52', '2018-03-30 20:49:52'),
(40, 26, 7, 'Rerum iure distinctio.', 'rerum-iure-distinctio', 'Ex eum repellat eos accusamus sit. Possimus voluptas consequatur tempore voluptatum soluta.', 'Quaerat illo assumenda aut non sequi in fuga sint. Omnis dicta molestias tempora sunt quod totam. Doloribus dolor quo odio cum sit. Et sunt reiciendis hic excepturi ut. Est quae odio quia labore sit nesciunt autem. Ipsa dolores ex dolores. Deserunt fugit iusto minus dolorem et magnam. Et inventore facere debitis numquam velit delectus officia in. Temporibus consequatur earum sit dignissimos cumque error reprehenderit. Dignissimos fugit omnis eius minus porro voluptatem.', 'DRAFT', 'https://lorempixel.com/1200/400/?52699', '2018-03-30 20:49:53', '2018-03-30 20:49:53'),
(41, 28, 13, 'Sit dolorem id quis blanditiis.', 'sit-dolorem-id-quis-blanditiis', 'Dolorem sed dolor nemo beatae. Fuga aut in quo est voluptates dolorem a. Laboriosam quia totam repellendus qui nihil sed et. Excepturi explicabo autem dolor vel aut.', 'Est consequatur et saepe quibusdam. Exercitationem ut dolorum quae placeat est. Sapiente ratione ullam nesciunt cum. Molestias pariatur corporis cupiditate iure et totam eaque. Ea qui illum nostrum et. Doloribus corporis eaque animi unde. Velit aliquid rerum incidunt deleniti et perferendis. Suscipit porro voluptatibus autem animi magni vero aut. Ex vel quibusdam veritatis.', 'DRAFT', 'https://lorempixel.com/1200/400/?98944', '2018-03-30 20:49:53', '2018-03-30 20:49:53'),
(42, 15, 18, 'Maiores at eius eos.', 'maiores-at-eius-eos', 'Animi magni ipsum et ipsum alias quo. Repudiandae inventore itaque praesentium odit. Sit rerum repellat molestias sed ea sunt beatae. Iure aut similique nesciunt.', 'Earum officiis non labore ipsum sint atque. Natus veniam et aut non. Provident id voluptates dolores ab reiciendis temporibus quis. Nostrum commodi mollitia cum laborum cumque. Aliquid aspernatur sunt non et non optio non. Placeat error veniam necessitatibus sed dolor quis. Nihil temporibus iusto eligendi consequatur. Dolorum rerum eum saepe sint occaecati. Aut natus non quas omnis magnam. Corrupti nisi dolores quibusdam dicta. Consectetur odit modi vitae et molestiae enim et.', 'PUBLISHED', 'https://lorempixel.com/1200/400/?35657', '2018-03-30 20:49:53', '2018-03-30 20:49:53'),
(43, 5, 16, 'Non nihil deleniti.', 'non-nihil-deleniti', 'Est nisi natus nulla doloremque ut et. Ipsam dolor voluptatem qui architecto. Expedita est nihil molestias perferendis omnis. At aut consectetur eum sint quia omnis id.', 'Pariatur animi ut minus qui aut. Incidunt facilis maiores autem et neque. Necessitatibus libero similique accusantium sed facilis deleniti aut. Unde doloremque enim fugiat nisi ut ut qui. Inventore pariatur recusandae quod aut. Saepe ea enim rerum sint. Et facere nesciunt et optio possimus voluptas nobis.', 'DRAFT', 'https://lorempixel.com/1200/400/?65294', '2018-03-30 20:49:53', '2018-03-30 20:49:53'),
(44, 7, 13, 'Laudantium exercitationem in aliquam.', 'laudantium-exercitationem-in-aliquam', 'Iure provident impedit quam dolorem optio. Rerum sunt explicabo illum. Nesciunt inventore porro qui ullam enim autem minus. Veritatis culpa omnis aspernatur tempore nemo officiis culpa.', 'Ut ut saepe et voluptas enim expedita eaque. Nobis ut est sint ad et. Consequatur repudiandae ad ipsum sit. Autem fugit voluptas corporis maxime nam sunt reiciendis. Voluptate placeat illo corrupti amet qui. Repellendus quae quis perspiciatis molestias est dolores. Sit mollitia ab facilis. Officiis expedita fugit tempora excepturi.', 'DRAFT', 'https://lorempixel.com/1200/400/?33942', '2018-03-30 20:49:53', '2018-03-30 20:49:53'),
(45, 14, 14, 'Non et ut est.', 'non-et-ut-est', 'Quidem sunt ab quaerat cupiditate. Cumque fugit sit neque placeat qui dolores corporis. Sed libero doloribus nihil est dolores corporis. Ullam incidunt dolor ullam dolore aperiam aut.', 'Quia qui accusantium expedita aut explicabo. Molestiae repellat voluptas omnis cumque sed animi et. Autem repellat tempore voluptatem fugit molestiae sed unde. Dolorem impedit perferendis enim aut quod. Molestiae suscipit sint numquam eaque laudantium et. Et nisi optio dolor minima. Velit dolorum placeat sequi soluta beatae est qui. Hic vitae velit dolores nulla occaecati qui.', 'DRAFT', 'https://lorempixel.com/1200/400/?53353', '2018-03-30 20:49:53', '2018-03-30 20:49:53'),
(46, 28, 3, 'Sequi quibusdam omnis id.', 'sequi-quibusdam-omnis-id', 'Et voluptate explicabo veritatis et ut rerum facere. Adipisci corporis hic sequi enim fugit aut repellat.', 'At totam exercitationem sed ipsum et labore. Assumenda harum tempora qui soluta sit doloribus ea. Dolores deserunt rerum quo et. Quia praesentium et consequatur velit. Qui libero ea eum rerum sit omnis officia. Veritatis rerum blanditiis natus eligendi est explicabo qui. Tempora fugit beatae velit tenetur. Ab velit aut est quisquam. In fugiat ex consequatur quidem sit. Ullam nobis ipsam voluptas sequi saepe consectetur ad. Est libero iusto veniam. Quo alias pariatur iste mollitia.', 'DRAFT', 'https://lorempixel.com/1200/400/?53591', '2018-03-30 20:49:53', '2018-03-30 20:49:53'),
(47, 30, 8, 'Est id debitis facere recusandae est.', 'est-id-debitis-facere-recusandae-est', 'Ea animi neque neque veritatis. Et maiores in ut. Deleniti et aliquam possimus alias voluptatem et illo.', 'In veritatis assumenda totam numquam occaecati eius eius. Et maiores qui iste dolor. Velit aperiam consequatur qui. Quibusdam ut odio ut natus ipsa. Molestiae qui similique error ut voluptates dolorem. Quis in laudantium recusandae omnis sint est assumenda. Eum quas alias et molestias. Velit sed amet voluptatum voluptatem dolorem non autem.', 'PUBLISHED', 'https://lorempixel.com/1200/400/?50307', '2018-03-30 20:49:53', '2018-03-30 20:49:53'),
(48, 1, 12, 'Est fugiat modi.', 'est-fugiat-modi', 'Magnam facilis et omnis aut corporis iusto maxime. Delectus eaque officia et magnam eum veritatis delectus. Nobis doloremque praesentium est nostrum est sequi. Praesentium dolores est est.', 'Beatae ipsam ut quam voluptas. Delectus laboriosam qui ut eum. Ut nostrum dolor nesciunt quasi expedita quasi numquam. Dicta provident ipsum repudiandae eos ad ut. Consequatur aut rerum nihil inventore. Totam quidem aut mollitia inventore quas quia magnam quia. Laudantium corrupti sint excepturi iure et ipsam. Dolor est pariatur ipsum aliquam. Qui animi numquam ullam explicabo quam nostrum minus. Blanditiis vero perferendis et laborum velit.', 'DRAFT', 'https://lorempixel.com/1200/400/?31816', '2018-03-30 20:49:53', '2018-03-30 20:49:53'),
(49, 29, 7, 'Incidunt saepe neque sed occaecati quia.', 'incidunt-saepe-neque-sed-occaecati-quia', 'Adipisci est molestiae saepe consequatur officiis distinctio maiores. Qui et provident sunt aut molestias. Vero saepe dolor consectetur.', 'Voluptas animi provident veritatis. Aut adipisci et libero nobis. Fugit consequatur vero dolor aut dicta ut nobis. Facilis doloribus tempora eum tempora aut qui nisi. Ratione omnis animi qui ad. Voluptate eligendi distinctio quaerat ut officiis tempora perferendis. Exercitationem suscipit rem aut aliquid quis. Quia illum eos perferendis quibusdam sunt corrupti qui. Eos minima sunt quis et a dolorum sint.', 'DRAFT', 'https://lorempixel.com/1200/400/?64232', '2018-03-30 20:49:53', '2018-03-30 20:49:53'),
(50, 11, 1, 'Fugit exercitationem quis ipsa esse aut.', 'fugit-exercitationem-quis-ipsa-esse-aut', 'Quia sit voluptatum dolor quo aperiam quos ut. Molestias doloribus facilis eum doloremque earum. Doloremque laborum iure veniam ea impedit non consequatur perspiciatis. Sapiente officia eos sed.', 'Neque odio iusto aperiam accusantium atque illo cumque. Iusto repellendus totam nulla dolor voluptas fuga nihil quasi. Asperiores voluptate vitae natus ipsam neque. Eaque modi vel a quia rem tempora ut. Nulla sed magni inventore dolor enim occaecati. Fugiat et quia voluptatem. Cum eum omnis reprehenderit ut sed. Qui ipsa quis expedita est qui ut aspernatur. Consequatur occaecati sed aut dolores et. Blanditiis rerum inventore voluptas non. Aut velit et est repudiandae vel.', 'PUBLISHED', 'https://lorempixel.com/1200/400/?16107', '2018-03-30 20:49:53', '2018-03-30 20:49:53'),
(51, 9, 10, 'Nisi qui ipsum ducimus.', 'nisi-qui-ipsum-ducimus', 'Maxime recusandae numquam ut quia. Fuga voluptatem aut nobis cumque ut sint odio. Laborum perspiciatis nisi ducimus accusantium facere. Sunt quis velit accusantium amet voluptatibus qui.', 'Ea ipsa aut pariatur dolorem est. Odit et quia explicabo laudantium qui error. Iure est voluptas saepe vitae reiciendis vero aut. Et quas deleniti itaque quo qui. Et enim et sunt soluta ea tempore. Doloremque ea illum voluptatibus sint. Voluptas est dignissimos sunt vero illum et rerum. Expedita debitis voluptate pariatur nesciunt voluptate soluta. Repellat ut eius non culpa voluptatem sed ut.', 'PUBLISHED', 'https://lorempixel.com/1200/400/?54333', '2018-03-30 20:49:53', '2018-03-30 20:49:53'),
(52, 7, 16, 'Voluptate sed iure assumenda.', 'voluptate-sed-iure-assumenda', 'Vero ea adipisci esse sit laudantium et voluptatem. Nihil assumenda quia maiores sed. Officiis reprehenderit eos et repellendus eum. Ut ipsam voluptas quasi molestiae autem assumenda sit.', 'Dolorem dicta et repudiandae et odit. Nam voluptatibus aspernatur quia sunt. Et est recusandae fuga sit ad commodi expedita earum. Quas odit dolore nihil accusantium iure quae dolorem. Consectetur et dicta quas voluptatem. Id voluptates tenetur doloremque et maxime id. Rerum esse in sint nihil repellendus explicabo repudiandae. Nobis ipsa explicabo autem est. Architecto ut error voluptate ea nesciunt ut numquam.', 'PUBLISHED', 'https://lorempixel.com/1200/400/?95961', '2018-03-30 20:49:53', '2018-03-30 20:49:53'),
(53, 8, 13, 'Dolore et doloremque earum dicta.', 'dolore-et-doloremque-earum-dicta', 'Et nisi animi sunt omnis voluptatem cumque mollitia. Consequatur dolor eligendi natus. Dolorem debitis est eum ut quisquam pariatur voluptatum. Quo officia ad voluptatem cupiditate.', 'Ea velit sit et quod quia. Qui debitis adipisci non reprehenderit doloremque harum adipisci. Repellat consequatur ea reiciendis quis. Suscipit odio quis quod voluptates. Aperiam consequatur qui sunt libero natus. Adipisci aut aut vel nihil. Quae libero tempore amet repellendus voluptatibus quas veniam. Unde at et sit quia sed. Nam voluptatum impedit culpa alias similique voluptatum quia et.', 'DRAFT', 'https://lorempixel.com/1200/400/?83326', '2018-03-30 20:49:53', '2018-03-30 20:49:53'),
(54, 21, 4, 'Adipisci eligendi sint.', 'adipisci-eligendi-sint', 'Corrupti natus enim mollitia voluptate. Aut expedita repellendus est dolores autem vel error.', 'Fuga ea voluptas sequi quaerat id. Quis accusamus quidem iste laudantium. Beatae ut error omnis sit asperiores. Provident possimus ab blanditiis est dolorum explicabo. Eos nostrum doloremque ipsa debitis repellat exercitationem sed. Et dolor corporis recusandae tenetur. Beatae et quia eos ut. Assumenda sit non aut atque hic. Assumenda tempora impedit maiores molestias qui culpa odit. Pariatur sint sint dolore reprehenderit voluptas.', 'DRAFT', 'https://lorempixel.com/1200/400/?68215', '2018-03-30 20:49:54', '2018-03-30 20:49:54'),
(55, 17, 4, 'Ea et sint ut.', 'ea-et-sint-ut', 'Ut doloremque quos dolor a quis. Dolore perferendis adipisci sed ipsa repudiandae. Corrupti ipsa fugit velit rerum.', 'Accusantium maiores vel a cum dolor consequuntur. Quis ratione rerum veniam quo. Sint et ratione id molestias quasi voluptate. Eum iure temporibus accusamus natus et provident omnis. Sint eum reiciendis consectetur debitis dolor rerum autem. Sunt qui consequatur non ab eum iure. Occaecati quia laboriosam harum rerum error id. Recusandae quia voluptate totam enim. Quia illo tempore amet quia.', 'PUBLISHED', 'https://lorempixel.com/1200/400/?26389', '2018-03-30 20:49:54', '2018-03-30 20:49:54'),
(56, 15, 14, 'Magni quisquam laboriosam eum.', 'magni-quisquam-laboriosam-eum', 'Rerum sint qui nulla quia est eaque et. Ut officia autem nulla. Numquam dolorem consequatur dolorum reiciendis quia consequatur velit et. Eveniet quis molestias aliquam minima.', 'Et quia fuga sed distinctio aliquam reprehenderit unde reprehenderit. Iusto impedit atque perferendis consectetur repellat tempora blanditiis. Fugit repellendus est possimus ea et. Ea sunt et ex veritatis necessitatibus sit ad. Rerum sunt nam enim quia. Sed quidem dolores harum accusantium. Ipsa sunt quos atque voluptas est molestiae.', 'DRAFT', 'https://lorempixel.com/1200/400/?29922', '2018-03-30 20:49:54', '2018-03-30 20:49:54'),
(57, 12, 2, 'Quia voluptatem est odio ipsam.', 'quia-voluptatem-est-odio-ipsam', 'Sit consequatur non asperiores recusandae quaerat. Itaque dolorem corporis vel tempora. Reiciendis et a voluptas. Ut qui molestiae repudiandae sit quas.', 'Vero aliquid officiis itaque reiciendis laborum sit cupiditate. Reprehenderit corrupti dolores laborum rem. Atque officia dolores sunt non aliquam. Incidunt culpa ipsa distinctio et. Omnis repellendus ea sint. Quibusdam omnis quia fugit aspernatur aut et. Nostrum aut facere et animi non sed qui. Atque vero odit eos facilis. Id velit quo asperiores ut voluptatum. Ratione quia sunt tenetur enim illo consectetur voluptatem.', 'PUBLISHED', 'https://lorempixel.com/1200/400/?71607', '2018-03-30 20:49:54', '2018-03-30 20:49:54'),
(58, 21, 2, 'Consequuntur neque inventore non eos.', 'consequuntur-neque-inventore-non-eos', 'Similique qui doloremque voluptas. Sit aut animi id vel fuga. Illum voluptatem consequatur adipisci atque officia.', 'Ut beatae itaque aut eveniet. Perspiciatis adipisci earum et deserunt eum tempora quas. Et maiores sunt minima laboriosam. Earum vitae harum atque culpa quas. Dolorem asperiores reiciendis nihil. Nulla itaque sed distinctio sint repudiandae. A unde consequuntur voluptates architecto sunt eum qui. Nam praesentium id veniam explicabo suscipit voluptates eum. Officiis eius voluptas sequi vero. Accusantium culpa rerum at nulla id veniam.', 'DRAFT', 'https://lorempixel.com/1200/400/?49965', '2018-03-30 20:49:54', '2018-03-30 20:49:54'),
(59, 18, 4, 'Officia aliquid et veniam eius.', 'officia-aliquid-et-veniam-eius', 'Quia explicabo fugiat sint porro sunt. Quaerat veritatis doloribus id nobis temporibus qui consequatur. Placeat quas rerum optio nesciunt. Et nesciunt et voluptatum veniam vel placeat.', 'Nisi et perferendis et rerum nesciunt aliquid. Sequi sunt est maiores. Dolor nam quia ullam sit tenetur earum accusamus. Qui quasi est quam. Harum qui eligendi quia ad. Libero doloribus voluptatem et. Est aut velit omnis rem. Facere alias reprehenderit alias unde dolor minima. Modi neque incidunt magni vero cupiditate tempore autem. Doloremque neque non aut et ipsa est qui. Ut voluptas consequatur voluptatem autem non animi consequatur. Totam eos voluptas commodi dolorem.', 'PUBLISHED', 'https://lorempixel.com/1200/400/?48702', '2018-03-30 20:49:54', '2018-03-30 20:49:54'),
(60, 15, 14, 'Explicabo in dicta reiciendis.', 'explicabo-in-dicta-reiciendis', 'Mollitia sint et qui ut. Cupiditate non nisi deserunt consequuntur. Molestiae officiis facilis nihil voluptates non. Quia deserunt et aut voluptas debitis.', 'Doloremque possimus illum amet illum nemo. Voluptatem magni eligendi placeat aliquam quisquam impedit vitae officiis. Qui voluptatem nihil blanditiis. Voluptates sequi porro cum deserunt ea architecto. Quibusdam non quibusdam dolorem nemo ut vel. Doloremque cum repellendus ut sed unde est aut. Perferendis ducimus delectus tenetur quo rerum molestiae. Explicabo consequatur quia distinctio et ut autem.', 'PUBLISHED', 'https://lorempixel.com/1200/400/?54177', '2018-03-30 20:49:54', '2018-03-30 20:49:54'),
(61, 14, 8, 'Ut non iste qui.', 'ut-non-iste-qui', 'Vero maiores repellat illum cupiditate sint eum. Quo atque amet ex vel. Beatae eos sequi vitae quia est voluptates quam consequatur. Cum et quis error culpa neque odio.', 'Veritatis perferendis explicabo est nisi aut. Vel voluptatibus consectetur deserunt laboriosam aut aut dolorem. Ratione harum vel dolore dolor dolore libero ipsa. Officiis error atque blanditiis ut. Aut recusandae id et et dolore ea. Amet sapiente laborum a omnis commodi vitae qui rerum. Provident ex voluptatem quia vel at blanditiis sit reiciendis.', 'DRAFT', 'https://lorempixel.com/1200/400/?88811', '2018-03-30 20:49:54', '2018-03-30 20:49:54'),
(62, 12, 15, 'Quos ut perspiciatis.', 'quos-ut-perspiciatis', 'Eius repellendus consequatur perferendis quis maiores error odio. Architecto sit porro et. Ullam itaque et occaecati velit enim. Non quisquam est asperiores et.', 'Eaque distinctio accusantium facere sed commodi sapiente asperiores repellat. Culpa distinctio consequatur odit est. Itaque minus quia omnis quas quis. Consequatur et dolor aut tempore sit repellendus enim. Ipsum dolores enim explicabo laborum. Necessitatibus ut possimus sit dolor aut culpa molestias. Non cupiditate pariatur deleniti corporis explicabo aut voluptatem. Et pariatur iure et delectus a. Illo excepturi ullam excepturi rerum.', 'DRAFT', 'https://lorempixel.com/1200/400/?98756', '2018-03-30 20:49:54', '2018-03-30 20:49:54'),
(64, 3, 3, 'Inventore delectus tempore laudantium ipsum.', 'inventore-delectus-tempore-laudantium-ipsum', 'Quae totam qui ullam rerum inventore labore. Consequuntur qui perspiciatis id. Ullam sapiente laboriosam est maxime dolores voluptas. Ea culpa molestiae consequatur facilis qui.', 'Laborum et omnis sunt. Aut explicabo officia quos quia veniam rerum. Qui est odit est ullam error. Quas est labore non reiciendis nulla. Velit animi fuga error quis occaecati non. Laudantium enim eum quos. Qui voluptatem ut quisquam impedit nihil. Molestias nihil sequi quia nam et. Excepturi in sed alias maiores et et et. Nam tempore voluptas quia. Aut itaque qui nam rem molestias. Blanditiis explicabo ab praesentium ratione magni sunt aspernatur. Error sit in illum ipsa quia quasi maiores.', 'PUBLISHED', 'https://lorempixel.com/1200/400/?78386', '2018-03-30 20:49:54', '2018-03-30 20:49:54'),
(66, 16, 15, 'Sit in labore beatae aut et.', 'sit-in-labore-beatae-aut-et', 'Aut ea voluptatem temporibus architecto voluptas. Consequatur ea maiores aspernatur. Quia et fugiat nesciunt nisi. Officia et quia id hic quia amet voluptas.', 'Molestias explicabo deleniti soluta illum magni aut odio. Non tenetur non dolorem earum. Ut esse rerum fugiat rerum atque. Ipsa consequatur dolor perspiciatis facilis sit beatae et. Cupiditate rerum iste natus fuga. Voluptas quo vel molestiae illum. Eos ut enim maxime sed consequatur blanditiis et tempore. Sit inventore ut aliquam sunt reprehenderit dicta. Qui error totam aut enim. Enim sit quibusdam quae laborum explicabo veritatis aut velit.', 'DRAFT', 'https://lorempixel.com/1200/400/?53667', '2018-03-30 20:49:55', '2018-03-30 20:49:55'),
(67, 7, 18, 'Tempore sit a est.', 'tempore-sit-a-est', 'Quod qui voluptas voluptatum voluptas. Odio veritatis quo enim autem omnis enim. Et explicabo aut consequuntur corrupti ut impedit non qui. Deserunt quos quod aut.', 'Voluptates enim tempora at omnis voluptatem. Rerum est dolor numquam quam. Amet aut sed et et aliquam. Aut totam ut aut. Deserunt blanditiis delectus perferendis quia qui dolores autem. Voluptate architecto tenetur dolorem saepe velit. Aut ex et ut nihil. Aut et ipsum autem qui sed dolores ea voluptas. Perferendis vero est autem dolores quos. Itaque vero tenetur aut aut sit accusantium. Modi sed dignissimos dolor doloribus ea. Nihil nesciunt culpa voluptatibus.', 'PUBLISHED', 'https://lorempixel.com/1200/400/?99052', '2018-03-30 20:49:55', '2018-03-30 20:49:55'),
(68, 17, 15, 'Earum repellat et et eius amet.', 'earum-repellat-et-et-eius-amet', 'Sit quia non ut tenetur. Occaecati explicabo qui nesciunt eveniet quasi et a. Et ipsa sed deleniti omnis vero sint.', 'Et dolor mollitia ut neque excepturi et nihil. Rerum debitis consectetur et. Sunt laborum aspernatur ad atque sed. Eveniet et error sunt eos eius. Consequatur aut dolor omnis nulla fuga quos assumenda. Aliquid accusamus ut repellendus eos ratione temporibus. Aut deleniti quod quia eligendi neque exercitationem cum. Aspernatur repellat voluptatem amet quia. Dolorem consectetur consequatur et id atque.', 'DRAFT', 'https://lorempixel.com/1200/400/?45504', '2018-03-30 20:49:55', '2018-03-30 20:49:55'),
(69, 14, 11, 'Veritatis quis vero aut.', 'veritatis-quis-vero-aut', 'Aut quam ad sit impedit harum est. Ut rerum adipisci deserunt aut officiis aut. Ut distinctio dolore in.', 'Blanditiis voluptatibus rerum quae quidem assumenda. Dolor voluptatem maiores totam quo velit rem. Corrupti rerum est et dolores nulla. Cumque possimus aut in in a dolorem. Perferendis eum quo aut. Voluptas aut sed sit totam sequi. Vitae aut numquam placeat ducimus aut.', 'PUBLISHED', 'https://lorempixel.com/1200/400/?62311', '2018-03-30 20:49:55', '2018-03-30 20:49:55'),
(70, 9, 3, 'Praesentium sit ut vel et.', 'praesentium-sit-ut-vel-et', 'Consequatur nam atque sequi enim qui officia. Voluptas vel cumque deserunt odit ut veritatis. Repellendus nam aperiam at. Aperiam et sequi tenetur est.', 'Tempora et accusamus eum laudantium modi temporibus officiis. Reprehenderit eius recusandae accusamus et expedita dolorum. Rem sint explicabo nihil tenetur qui voluptate aut. Enim iusto nemo sit cumque qui suscipit. Ea recusandae velit ad voluptates rerum. Vel aut facere deleniti ratione vel. Quaerat dicta odio voluptas sed.', 'PUBLISHED', 'https://lorempixel.com/1200/400/?22729', '2018-03-30 20:49:55', '2018-03-30 20:49:55'),
(71, 20, 9, 'Minus qui sequi numquam rerum.', 'minus-qui-sequi-numquam-rerum', 'Est vel veritatis consequuntur. Commodi a aut consectetur dolores reprehenderit debitis. Excepturi et et exercitationem tenetur quo.', 'Minima nostrum non incidunt voluptatem. Eum exercitationem officiis molestiae nisi veritatis est error. Quo a consequatur eius tempore sit. Et magnam inventore voluptatem asperiores. Deleniti expedita est qui enim qui nisi. At asperiores eveniet dolores accusamus nesciunt labore nihil. Sed ducimus numquam facilis cupiditate adipisci quas. Enim fugiat dolorem omnis eos voluptas.', 'DRAFT', 'https://lorempixel.com/1200/400/?51302', '2018-03-30 20:49:55', '2018-03-30 20:49:55');
INSERT INTO `posts` (`id`, `user_id`, `category_id`, `name`, `slug`, `excerpt`, `body`, `status`, `file`, `created_at`, `updated_at`) VALUES
(72, 19, 10, 'Fugit aut veniam voluptatibus.', 'fugit-aut-veniam-voluptatibus', 'Vel neque fugit ut numquam qui. Saepe deserunt mollitia minus corrupti rerum mollitia reiciendis. Est enim similique alias sit doloremque.', 'Dolorem et labore eum aliquam qui. Est animi perspiciatis cupiditate nisi. Quia natus temporibus blanditiis doloribus. Doloremque dolorum quia deleniti veritatis eos voluptatem veritatis. Incidunt possimus incidunt deserunt tempora modi sit non qui. Accusantium expedita voluptates asperiores dolorum enim dolorem. In voluptas quos accusamus nulla eaque. Officia excepturi ea officiis. Et cum veniam accusamus.', 'DRAFT', 'https://lorempixel.com/1200/400/?14653', '2018-03-30 20:49:55', '2018-03-30 20:49:55'),
(73, 5, 11, 'Accusamus sed ratione ullam similique nihil.', 'accusamus-sed-ratione-ullam-similique-nihil', 'Molestiae omnis repellat at illum amet expedita aut. Qui assumenda eveniet qui rerum inventore et voluptatem reiciendis. Voluptas facere ipsum voluptatem officiis.', 'Ea quas quis sit aut fugiat ea. Numquam pariatur aut est sequi quae delectus accusamus. Sit labore pariatur illum et qui. Quia omnis repellat enim dolorem velit quia. Sit rem sit dolores voluptate quia ea. Hic harum sit at excepturi nobis quibusdam. Delectus mollitia rem cum dolor quas praesentium porro. Consequuntur neque omnis iste. Repellendus tempore aperiam est est dolorum doloribus sunt. Veritatis minus nesciunt temporibus rerum animi sed. Iure excepturi porro voluptas qui.', 'DRAFT', 'https://lorempixel.com/1200/400/?74538', '2018-03-30 20:49:55', '2018-03-30 20:49:55'),
(74, 28, 2, 'Dolorem a eos ut.', 'dolorem-a-eos-ut', 'Deleniti qui est ea enim. Natus omnis commodi provident modi fugit atque quo. Corporis excepturi velit a recusandae nobis vel esse.', 'Dolore ipsum temporibus sit sunt. Minima ipsa facilis corrupti et. Et inventore autem quos illo. Natus quos placeat eaque. Quibusdam ut unde eum officia. Laudantium sed facilis fuga dolorem iste ab enim. Et eum nesciunt vero nam. Labore dignissimos qui quia debitis. Quo dolor saepe omnis consequatur dicta est laborum soluta. Tempore maiores est enim minus. Dolorem distinctio distinctio voluptas aut odit optio qui.', 'PUBLISHED', 'https://lorempixel.com/1200/400/?46742', '2018-03-30 20:49:55', '2018-03-30 20:49:55'),
(75, 3, 17, 'Voluptatum facilis at voluptates soluta in.', 'voluptatum-facilis-at-voluptates-soluta-in', 'Aperiam est id praesentium doloremque ad. Quis enim quidem culpa non tempore voluptates. Praesentium quo labore quis accusantium cumque.', 'Voluptates cum odit et voluptatibus rerum suscipit. Voluptatem odit quam est voluptas veniam error laboriosam. Fuga repellat omnis sint expedita. Ut ullam et esse ut occaecati eos. Et laborum harum excepturi ut architecto cum amet. Incidunt iure qui ut quia neque magni quo. Culpa nesciunt numquam nam velit rem qui. Tenetur consectetur quia et qui aut quia dolor.', 'DRAFT', 'https://lorempixel.com/1200/400/?62113', '2018-03-30 20:49:55', '2018-03-30 20:49:55'),
(76, 4, 2, 'Unde numquam temporibus sit tenetur.', 'unde-numquam-temporibus-sit-tenetur', 'Asperiores commodi voluptas laboriosam. Est repellat laboriosam distinctio quo impedit eum repellendus. Deserunt facilis qui nam adipisci quasi enim. Atque sapiente culpa ut in vero.', 'Eum voluptatem eaque sunt architecto soluta et id. Est ex consectetur natus. Voluptatum est et odit. Omnis id eligendi tempore impedit neque illum distinctio. Nobis occaecati quod totam vitae molestiae suscipit voluptatem. Voluptas ipsam maiores dolores aliquam et accusamus deserunt. Id quis explicabo quo sed repellendus. Quis nulla voluptas dolores omnis nobis voluptatem et. Sed animi ad dolorem laborum.', 'DRAFT', 'https://lorempixel.com/1200/400/?90703', '2018-03-30 20:49:55', '2018-03-30 20:49:55'),
(77, 3, 13, 'Saepe aliquam totam officiis.', 'saepe-aliquam-totam-officiis', 'Doloribus exercitationem repudiandae alias voluptatem quibusdam similique porro dolorum. Expedita optio sunt qui voluptatem laboriosam minus. Quod quas enim laborum ex.', 'Consequatur minima dolorem nisi asperiores consequatur. Nisi nemo possimus sed sunt temporibus voluptatem est. Pariatur ut possimus ut mollitia explicabo animi aut. Ipsum autem hic ipsa magni consequatur. Quaerat ipsam iure cupiditate in qui quia enim. Rerum saepe voluptatem magnam odio qui voluptas eos. Eveniet corrupti beatae quidem nobis a laborum. Laboriosam in culpa mollitia dolor. A labore mollitia vitae earum. Eligendi aspernatur rerum eaque esse ipsam veniam.', 'PUBLISHED', 'https://lorempixel.com/1200/400/?99011', '2018-03-30 20:49:55', '2018-03-30 20:49:55'),
(78, 23, 3, 'Ipsam veritatis est ut reiciendis cumque.', 'ipsam-veritatis-est-ut-reiciendis-cumque', 'Corrupti itaque at eveniet ea vero praesentium est dolorem. Vero impedit nisi sit distinctio consectetur. Vero harum sapiente quasi et laudantium quasi placeat.', 'Non libero molestiae dolores odio facilis. Consequatur tenetur nulla ipsam repudiandae veniam aliquam. Aliquam est delectus libero aliquid distinctio omnis optio. Omnis labore consequatur mollitia qui quisquam. Est labore molestiae eos aut qui facere quia placeat. Soluta quo doloribus aut deserunt est reprehenderit omnis. Et ut doloribus iusto deleniti molestiae et.', 'PUBLISHED', 'https://lorempixel.com/1200/400/?27649', '2018-03-30 20:49:55', '2018-03-30 20:49:55'),
(79, 14, 9, 'Et nihil perferendis qui sunt at.', 'et-nihil-perferendis-qui-sunt-at', 'Aperiam numquam ratione dolorem est in. Qui ut quia inventore earum est. Nobis dolores corrupti est nihil. Ea autem itaque voluptatem minus nesciunt dolor.', 'Cum perspiciatis non consequatur architecto beatae aperiam inventore. Inventore nesciunt ea omnis vero aut velit. Quaerat laudantium nulla qui facilis libero eaque maxime quia. Qui omnis quia tempora voluptatem quam ea ullam. Aut architecto sunt autem. Ipsa possimus similique dolores ipsa. Aut voluptates consequuntur optio sint ratione ut aut ullam. Ut non et ut delectus eligendi aut. Iure accusantium et dolorum est. Quod repellat cumque nihil dolore accusamus.', 'PUBLISHED', 'https://lorempixel.com/1200/400/?15637', '2018-03-30 20:49:55', '2018-03-30 20:49:55'),
(80, 8, 19, 'Perferendis a aut nihil atque aut.', 'perferendis-a-aut-nihil-atque-aut', 'Enim animi rerum est sint. Consectetur sed iusto et in. Minima odit consectetur culpa commodi aut ipsa ab. Hic quasi illo sit nulla odio fugit necessitatibus asperiores.', 'Ut voluptatem id ut quia tempore earum. Ea maxime nobis molestiae perspiciatis modi praesentium dolores. Voluptatem quasi quibusdam vitae modi quaerat autem esse. Perferendis fuga optio debitis unde. Quos sapiente eum ut adipisci quia aut architecto quasi. Enim et tempora repellendus voluptates quam accusamus sit. Nihil vitae quia aspernatur recusandae a unde.', 'DRAFT', 'https://lorempixel.com/1200/400/?88225', '2018-03-30 20:49:55', '2018-03-30 20:49:55'),
(81, 11, 6, 'Omnis aut incidunt impedit.', 'omnis-aut-incidunt-impedit', 'Iure consequatur dolor earum maxime rerum dolore et. Accusantium expedita nostrum nulla error. Harum natus quia omnis corrupti fugit officiis esse. Quia nostrum eos corrupti.', 'Quis id blanditiis consectetur. Nulla iure quam omnis deserunt et qui asperiores. Sit similique architecto qui corporis quis. Et non blanditiis sed dolores. Enim culpa alias ut quia nam ipsa sunt velit. Aut accusamus dolor ut nesciunt sint illum quis. Sed maiores aliquam quam omnis consequatur enim. Aliquid placeat dignissimos accusamus qui non libero quo. Et consequatur optio assumenda laudantium et cupiditate consequuntur. Doloremque reprehenderit porro commodi reiciendis eaque.', 'PUBLISHED', 'https://lorempixel.com/1200/400/?11029', '2018-03-30 20:49:56', '2018-03-30 20:49:56'),
(82, 13, 14, 'Minima ut et id.', 'minima-ut-et-id', 'Ullam harum voluptas ullam consequatur ipsum. Sed quibusdam ullam ducimus mollitia praesentium eius. Cum mollitia voluptas nulla sit sequi aut non.', 'Veritatis molestias expedita quas labore veritatis. Sint aperiam delectus accusamus repellat. Aut consectetur sed optio voluptatem vel eligendi quia hic. Omnis quia similique et sit commodi omnis facilis. Quidem voluptatem et in nisi debitis nam. Commodi minima aspernatur dolorem dolor temporibus. Eum inventore et sint qui fuga. Voluptatem ratione recusandae omnis.', 'DRAFT', 'https://lorempixel.com/1200/400/?14240', '2018-03-30 20:49:56', '2018-03-30 20:49:56'),
(83, 29, 14, 'Delectus culpa voluptas perferendis vel voluptatem.', 'delectus-culpa-voluptas-perferendis-vel-voluptatem', 'Assumenda earum similique facilis autem voluptatem. Labore vero magnam at sed deserunt laudantium sit cum. Autem qui ea est quia vitae expedita ipsum.', 'Tempora est aut officia. Vero quisquam rem vel est placeat facilis blanditiis. Nihil quas qui nemo magnam. Omnis facere enim vero. Dolor dolorem consectetur est aut eum et nisi. Ipsa ut et laboriosam repellendus officia. Assumenda sunt sed quis repellendus rem eligendi voluptas sequi. Eos qui asperiores harum. Voluptas rem voluptatem omnis. Nihil magni non dolores quo. Esse autem iste eius in et odit aperiam.', 'PUBLISHED', 'https://lorempixel.com/1200/400/?59951', '2018-03-30 20:49:56', '2018-03-30 20:49:56'),
(84, 10, 8, 'Reprehenderit perferendis corrupti non.', 'reprehenderit-perferendis-corrupti-non', 'Itaque ea dolores laborum velit voluptas est vero. Assumenda dolores eveniet facere harum commodi id ut quaerat. Nobis ut harum placeat quidem a.', 'Rerum iure sint tempora voluptates explicabo qui omnis. Enim quis ratione porro aspernatur fuga. Sed consequatur id omnis itaque. Quo ea labore adipisci quod ea necessitatibus asperiores. Nobis tempora accusamus sed molestias quia soluta. Illum hic ipsa cumque et minima expedita. Tempore quia quibusdam dicta non. Rerum quo illum et dicta. Molestiae adipisci quas distinctio dolorum.', 'DRAFT', 'https://lorempixel.com/1200/400/?20643', '2018-03-30 20:49:56', '2018-03-30 20:49:56'),
(85, 1, 18, 'Sequi possimus inventore quae.', 'sequi-possimus-inventore-quae', 'Aut nulla ipsam quae est. Sed laboriosam repudiandae adipisci mollitia ut. Nam autem ad pariatur excepturi. Nihil nesciunt quo nostrum molestiae consectetur sint rerum.', 'Quo et rerum quasi dolor eveniet accusamus molestiae. Incidunt dolores nostrum labore voluptates sequi. Dolores ut sequi earum placeat consequatur. Repellat nulla ullam pariatur dolor fugiat nihil. Eum ut illo ut quis voluptas tempore. Sapiente ad in soluta modi. Voluptates voluptates ea consequatur nostrum et ut. Eum fugiat omnis dolores. Placeat ut dolor maiores iusto. Tempora quae facilis est.', 'DRAFT', 'https://lorempixel.com/1200/400/?70608', '2018-03-30 20:49:56', '2018-03-30 20:49:56'),
(86, 29, 19, 'Corrupti placeat possimus nesciunt amet.', 'corrupti-placeat-possimus-nesciunt-amet', 'Perspiciatis distinctio fugit itaque occaecati aut. Quia natus rerum eius rem fugit sunt. Totam qui velit sequi. Voluptas corporis iure natus earum impedit aut totam.', 'Voluptas maxime voluptates ut sit natus non voluptas. Quis autem sapiente architecto ipsum qui rerum qui. Ut incidunt et facilis voluptatibus nisi occaecati cum. Quia ex ea nemo a. Voluptatem debitis ut molestiae saepe quia. Illo illum dolor temporibus nemo laborum ut vero et. Rerum provident alias ea aut necessitatibus. Dolor cupiditate inventore magni ad sit officiis. Tempora qui qui rerum. Vel soluta deserunt accusamus necessitatibus.', 'DRAFT', 'https://lorempixel.com/1200/400/?34277', '2018-03-30 20:49:56', '2018-03-30 20:49:56'),
(87, 16, 8, 'Aut ut repudiandae in.', 'aut-ut-repudiandae-in', 'Et ea aut laudantium enim qui. Quia voluptatibus hic et assumenda. Voluptas ad fuga quasi explicabo molestiae. Et sint vitae qui unde hic. Odit tempore facilis ea nobis nesciunt et laboriosam est.', 'Sit et id dolores quia omnis deserunt voluptatem. Suscipit praesentium impedit quidem et neque voluptas quis. Enim quia quasi sit omnis voluptatem. Minus consequatur quo itaque dolor molestias est placeat. Est exercitationem quis veniam enim enim. Saepe recusandae et et eum et sit cumque. Excepturi molestiae quas repellat et. Omnis molestiae quibusdam possimus non. Tempora similique qui quo odio nulla dolorem quas. Aspernatur accusamus quae libero vel.', 'PUBLISHED', 'https://lorempixel.com/1200/400/?99777', '2018-03-30 20:49:56', '2018-03-30 20:49:56'),
(88, 16, 4, 'Esse deleniti voluptatibus.', 'esse-deleniti-voluptatibus', 'Qui ex est voluptas quam commodi. Praesentium neque corporis dignissimos vel possimus dicta. Facere eius consequatur reprehenderit non.', 'Fugit quo accusantium dolorem tempora ut. Incidunt et blanditiis impedit vero eius aperiam nemo. Et voluptates qui voluptas sequi aut deserunt animi iste. Eius odit omnis fugit numquam quia nihil. Aut tempora beatae incidunt vel et ut sit. Nulla magni consequatur ut et debitis. Beatae sint et sint aliquam animi.', 'DRAFT', 'https://lorempixel.com/1200/400/?33341', '2018-03-30 20:49:56', '2018-03-30 20:49:56'),
(89, 17, 6, 'Totam aut et.', 'totam-aut-et', 'Molestiae est autem quas eius voluptatum assumenda. Iusto vel quas tempore temporibus. Itaque alias fugit eos dolor et quam suscipit corporis.', 'At ea qui et fuga. Dicta rerum dolorum omnis. Velit numquam animi sint similique. Iure dolores inventore nobis amet autem qui aut. Perspiciatis et totam et commodi enim est. Aut velit porro vitae in. Et nemo nisi mollitia consequatur. Quis porro qui vitae qui nam voluptatem vero similique.', 'PUBLISHED', 'https://lorempixel.com/1200/400/?59703', '2018-03-30 20:49:56', '2018-03-30 20:49:56'),
(90, 1, 10, 'Voluptas sapiente sit.', 'voluptas-sapiente-sit', 'Et consequatur commodi nisi minima sed maxime libero eveniet. Minus voluptatibus porro at voluptate saepe voluptatem et dolores. Sit qui aut aut ipsum velit. Nihil ea quia quibusdam facilis ab sequi.', 'Est ut cupiditate reiciendis quia. Porro doloremque tempora illum sint deserunt veritatis. Ut quidem aliquid tenetur et. Earum nobis sint earum occaecati quos aut laboriosam. Sed dolores quia mollitia dolor enim labore. Molestiae aperiam aut molestiae ad aliquam ea voluptas voluptatem. Nisi magnam et ullam quod totam tempora velit.', 'DRAFT', 'https://lorempixel.com/1200/400/?71131', '2018-03-30 20:49:56', '2018-03-30 20:49:56'),
(91, 4, 13, 'Numquam hic minus et non.', 'numquam-hic-minus-et-non', 'Temporibus rerum eum repellendus impedit ut doloremque ipsam. Ea voluptatem velit id earum vel sequi.', 'Ipsa nemo eum dolores. Dolore rerum molestiae doloribus atque unde. Culpa occaecati enim quis esse. Dolore quos quasi ab ad nemo temporibus. Dolores impedit qui dolor vitae quae libero et nulla. Voluptatem perspiciatis necessitatibus explicabo ratione. Rerum vero corrupti perferendis qui. Modi rem omnis et. Ullam deserunt voluptatem officia labore soluta et dolor omnis. Eum inventore velit qui nemo accusamus incidunt. Aut ducimus vel ipsam pariatur.', 'DRAFT', 'https://lorempixel.com/1200/400/?40067', '2018-03-30 20:49:56', '2018-03-30 20:49:56'),
(92, 3, 7, 'Est hic quam mollitia.', 'est-hic-quam-mollitia', 'Dolores aut quis dolores nisi consectetur et. Consequatur quasi voluptatem ut consequatur aut aut fugit quos. Saepe est ex asperiores quasi quasi voluptates. Ratione eum quo ut rerum officia.', 'A repellendus iusto nam. Hic quod suscipit sunt corporis sed. Animi deleniti dignissimos repudiandae velit ducimus impedit. Tenetur magni et error omnis quia. Odit alias sequi sapiente dolorem. Nostrum odit nesciunt sapiente nesciunt nesciunt molestiae. Dolorum modi quos omnis quas iusto recusandae vitae error. Ut neque qui eaque. Laboriosam consequatur distinctio iste. Rem sequi occaecati voluptatem et et et sapiente.', 'PUBLISHED', 'https://lorempixel.com/1200/400/?50499', '2018-03-30 20:49:56', '2018-03-30 20:49:56'),
(93, 11, 13, 'Sit et id deserunt.', 'sit-et-id-deserunt', 'Nobis aliquam ex sed ut exercitationem reiciendis. Eos et numquam saepe minima eligendi maxime. Vel quam nihil ad animi ut ut aut fugiat.', 'Maiores quis temporibus nesciunt eos. Voluptatem exercitationem occaecati sint quia. Nisi vero dolores aliquid dicta. Officiis aut adipisci voluptatem dolor. Maxime explicabo laborum necessitatibus sapiente. Sint optio et in ut. Ipsum odit iure temporibus. Iste facere eos enim ad. Autem quia modi deserunt quam quia. Voluptatem praesentium dignissimos expedita sit inventore quam. Eveniet sit officia adipisci vel. Blanditiis quidem beatae aut sint ab et vel.', 'DRAFT', 'https://lorempixel.com/1200/400/?81282', '2018-03-30 20:49:56', '2018-03-30 20:49:56'),
(94, 2, 1, 'Sapiente aut quia reiciendis.', 'sapiente-aut-quia-reiciendis', 'Ratione sapiente deserunt qui rem atque. Ut eum illum placeat exercitationem distinctio velit dignissimos. Et labore dolore est quia dolorum aspernatur.', 'Blanditiis qui repudiandae nesciunt nemo. Perferendis ipsa facilis saepe neque non voluptatem vel. Omnis delectus et eveniet dolores voluptas rerum nulla. Eius dolorum odio reprehenderit ex quaerat dignissimos. Veniam repellendus saepe ullam velit. Temporibus maiores molestiae tempore repudiandae sed ut. Labore quod consequatur voluptatem ullam. Laborum dolorum magni expedita occaecati et alias mollitia. Sequi minima non sed ut quidem. Et veniam quo et molestiae.', 'PUBLISHED', 'https://lorempixel.com/1200/400/?84549', '2018-03-30 20:49:56', '2018-03-30 20:49:56'),
(95, 6, 8, 'Cupiditate quia ipsam.', 'cupiditate-quia-ipsam', 'Voluptatem aut excepturi minima consequatur qui non. Eos recusandae sed aut. Delectus necessitatibus ea reiciendis aut. Tempora odio quod voluptatibus delectus enim dolores.', 'Accusamus dicta quis facilis doloribus ex. Illo unde ipsam temporibus. Iure ut aut non omnis pariatur et. Corrupti minima natus asperiores velit vel. Fugit non numquam dicta corrupti dolore blanditiis. Expedita dolorem deleniti recusandae molestias et quae dolor. Pariatur est iure inventore corporis. Qui quis voluptatum explicabo voluptatum qui. Porro quibusdam amet perferendis aut corporis temporibus numquam. Commodi harum odio id sit est cum veniam.', 'PUBLISHED', 'https://lorempixel.com/1200/400/?52092', '2018-03-30 20:49:56', '2018-03-30 20:49:56'),
(96, 12, 5, 'Et vel ab dolorem omnis.', 'et-vel-ab-dolorem-omnis', 'Qui tempora earum itaque. Temporibus ut natus blanditiis fugiat vel excepturi. Nobis rerum eaque voluptatem rem voluptatibus dolore. Fugiat voluptas veritatis tenetur necessitatibus cumque.', 'Veritatis labore non voluptate nam voluptates expedita. Commodi sapiente dolore molestiae consequatur. A laboriosam nulla in amet accusamus inventore. Ratione quis voluptatem maxime ullam necessitatibus officiis. Omnis accusantium quas non provident natus enim. Delectus explicabo magnam temporibus itaque. Fugiat quo non quis repudiandae voluptas reprehenderit. Labore vitae veniam sint fugit quaerat.', 'DRAFT', 'https://lorempixel.com/1200/400/?12273', '2018-03-30 20:49:56', '2018-03-30 20:49:56'),
(97, 2, 11, 'Hic est commodi odio.', 'hic-est-commodi-odio', 'Molestias non et molestias eveniet qui impedit fuga. Aut dolorum commodi laudantium aut deleniti. Corporis voluptas suscipit quasi dolore laudantium.', 'Voluptate numquam qui et eius. Error dignissimos nam enim sint et eos aut. Aut aspernatur voluptatem debitis praesentium. Quia dolor eos ut voluptatem deleniti. Est non sed aut ut id dicta dolor aliquam. Vel mollitia sunt voluptatem amet. Dolor vero delectus odit esse accusamus id. In recusandae et eos quia est provident. Aspernatur velit dolores hic aperiam perferendis. Nesciunt qui aliquid sed error sed quidem.', 'DRAFT', 'https://lorempixel.com/1200/400/?11492', '2018-03-30 20:49:56', '2018-03-30 20:49:56'),
(98, 21, 15, 'Corporis ut minus ea.', 'corporis-ut-minus-ea', 'Autem assumenda ipsam beatae molestiae maiores minus. Molestias voluptatem necessitatibus eos illum consequatur eligendi aliquid. Quaerat magnam recusandae enim nostrum.', 'Itaque eum cum et. Cum facere rerum reprehenderit dicta. Ut autem harum doloribus eius et et dolor. Occaecati consectetur saepe consequatur ea aspernatur repudiandae hic. Dolore pariatur voluptatibus in voluptas rerum. Voluptatibus et consequatur qui sint. Odio vel numquam eum. Ullam nihil eligendi corrupti eligendi deserunt beatae. Velit dolorum sed consequatur accusamus aut nihil quidem.', 'PUBLISHED', 'https://lorempixel.com/1200/400/?86256', '2018-03-30 20:49:56', '2018-03-30 20:49:56'),
(100, 30, 5, 'Sed et quia doloremque ab.', 'sed-et-quia-doloremque-ab', 'Totam omnis officia officia fugiat corporis quos. A delectus delectus facilis distinctio vel. Eos delectus expedita qui voluptas.', 'Aut consectetur assumenda sapiente quod repellendus totam sunt. Enim quos aut rem ad hic. Sed distinctio sint dicta quis debitis. Modi placeat sit error ducimus pariatur molestias. Enim odio ut qui. Blanditiis praesentium architecto magni magni esse tempora quos. Sit et officiis exercitationem porro ut ullam laboriosam. Ut quia molestiae error aspernatur reprehenderit dolor. At dolores dolor aut quasi ut voluptates.', 'DRAFT', 'https://lorempixel.com/1200/400/?36931', '2018-03-30 20:49:56', '2018-03-30 20:49:56'),
(101, 12, 15, 'Non ab odit consequuntur et.', 'non-ab-odit-consequuntur-et', 'Eaque dolorem dignissimos libero temporibus. Asperiores error rerum nobis eveniet. Recusandae iste earum consequatur error atque.', 'Aut qui pariatur quam quia reprehenderit. Consequatur dolor assumenda fuga corrupti libero cupiditate fugiat. Ullam recusandae quis aut in quae vel. Quia harum corrupti dolores eos. Distinctio rerum quia aspernatur est. Alias aut molestiae atque occaecati voluptatem minima voluptatibus. Et hic quia quia laboriosam aperiam sed nemo omnis.', 'PUBLISHED', 'https://lorempixel.com/1200/400/?27830', '2018-03-30 20:49:57', '2018-03-30 20:49:57'),
(102, 23, 16, 'Et velit et doloribus consequatur iure.', 'et-velit-et-doloribus-consequatur-iure', 'Perferendis doloremque a praesentium qui consectetur corporis adipisci. Quisquam omnis in nisi. Dolores dolor ipsa velit qui eaque quia nulla molestiae.', 'Porro molestiae tenetur quia quod itaque. Itaque corrupti est laudantium accusamus. Est non facere magnam non. Minima modi non tempore qui cum error at eaque. Vero ut et sed voluptatum. Ut consequatur voluptatem modi nulla. Dolores ratione est illum. Fugiat assumenda excepturi officia rem quia et quasi nostrum. Beatae eos sint ut dolore magni. Quo ipsum voluptatem tempore laboriosam nihil aliquid. Quod id ipsum harum soluta labore.', 'DRAFT', 'https://lorempixel.com/1200/400/?12730', '2018-03-30 20:49:57', '2018-03-30 20:49:57'),
(103, 4, 7, 'Unde et earum vero.', 'unde-et-earum-vero', 'Qui nobis facere cumque adipisci ab. Soluta aliquid laborum occaecati aut vitae hic et. Dolor facere tenetur qui. Odit dolor sint vel.', 'Est suscipit quia commodi nobis animi mollitia quo. Illo enim reprehenderit ut quam assumenda architecto porro. Accusamus quo enim asperiores sint. Quasi quisquam omnis cumque et fuga. Necessitatibus harum rerum sapiente ad aut quia qui. Sit incidunt sunt quaerat mollitia omnis deserunt et. Et dignissimos rerum vero et et non. Numquam excepturi voluptas debitis quaerat perferendis sunt fugit. Mollitia molestiae omnis rem est occaecati in sed. Provident atque excepturi eveniet.', 'PUBLISHED', 'https://lorempixel.com/1200/400/?98235', '2018-03-30 20:49:57', '2018-03-30 20:49:57'),
(104, 16, 7, 'Quia qui deleniti animi eligendi.', 'quia-qui-deleniti-animi-eligendi', 'Et ratione nihil autem occaecati expedita dolor. Cumque iure doloribus quam facere mollitia. Voluptas dolorum odit nobis aut. Amet alias maiores mollitia voluptas nam vero veritatis sit.', 'Ut assumenda et explicabo nisi. Veniam ullam eos sint at sunt cum impedit. Dolore doloribus nihil aut temporibus inventore. Eius porro enim odit sapiente rerum. Non id ad sed aperiam ut. Itaque nemo corrupti in consequatur animi occaecati culpa. Sed et pariatur rerum sequi magnam quos. Voluptas earum mollitia est dolorem non veniam. Dicta nesciunt velit aut commodi sint.', 'DRAFT', 'https://lorempixel.com/1200/400/?47962', '2018-03-30 20:49:57', '2018-03-30 20:49:57'),
(105, 14, 6, 'Impedit consequatur sed.', 'impedit-consequatur-sed', 'Et nisi quaerat amet laboriosam. Et exercitationem voluptas beatae dolorem qui porro quo. A repudiandae dicta architecto cum. Et dolorum eos sit non.', 'Alias distinctio sed veritatis est et ad. Inventore fugit tenetur aspernatur. Esse ut quae eos quia et dignissimos vel. Vitae aut rerum libero id dolorum. Officiis voluptatem possimus asperiores velit quos modi. Neque quia tenetur cupiditate odit quia cupiditate. Quasi repellendus ad error eius et vel temporibus. Nostrum ipsa veniam et rerum. Accusamus et culpa adipisci accusamus.', 'DRAFT', 'https://lorempixel.com/1200/400/?62605', '2018-03-30 20:49:57', '2018-03-30 20:49:57'),
(106, 22, 14, 'Architecto ut reiciendis.', 'architecto-ut-reiciendis', 'Accusamus consequatur facere aliquid ut. Rerum minus laborum sit. Voluptas ea nam id aut quo reiciendis. Eaque sed harum qui aut error provident.', 'Veritatis non perspiciatis quisquam quis quo voluptatem. Nobis et sit quisquam. Consectetur rerum sunt suscipit nobis. Enim pariatur ipsam illum. Quos voluptate cumque omnis. Quia itaque veritatis aut incidunt. Quidem praesentium occaecati dolore numquam facilis. Tempora modi fuga sunt magni omnis non ratione voluptatum. Rem optio architecto aut in.', 'DRAFT', 'https://lorempixel.com/1200/400/?93077', '2018-03-30 20:49:57', '2018-03-30 20:49:57'),
(107, 22, 7, 'Nihil officia sed error.', 'nihil-officia-sed-error', 'Maxime omnis explicabo et dolores quia dolorem. Voluptas rem reprehenderit aut eum qui maiores. Laudantium id est ea dolor.', 'Assumenda fuga fuga ea et et illo eaque. Autem enim ut consequatur corporis. Ut ut ducimus nihil eligendi. Ut voluptatem vitae dolorem. Necessitatibus voluptates eaque sed voluptatibus et rem facilis modi. Molestiae quo ullam nihil delectus. Magni atque sapiente quis non id sed. Numquam repellendus enim earum rerum asperiores. Iure quas deleniti iusto aut. Inventore eos ut enim. Cumque blanditiis nostrum et asperiores consequuntur culpa tempora et.', 'PUBLISHED', 'https://lorempixel.com/1200/400/?66315', '2018-03-30 20:49:57', '2018-03-30 20:49:57'),
(108, 29, 19, 'Adipisci veniam accusamus commodi.', 'adipisci-veniam-accusamus-commodi', 'Doloremque quibusdam qui eveniet enim. Aut corrupti quas at sint recusandae rem. Esse impedit rerum occaecati sed repudiandae maiores. Numquam aut et ab dignissimos assumenda aliquam.', 'Blanditiis dolor voluptas quidem natus ut. Quam ullam facere placeat dicta enim assumenda corrupti. Qui doloribus molestiae quod nihil et quia voluptatum. Eum consequatur sed illo officia repellat qui. Non est voluptatem consectetur est et. Et aspernatur consequatur consequatur et eaque. Iste doloribus natus minus quam commodi omnis earum.', 'PUBLISHED', 'https://lorempixel.com/1200/400/?81881', '2018-03-30 20:49:57', '2018-03-30 20:49:57'),
(109, 13, 16, 'Non quisquam quas qui incidunt.', 'non-quisquam-quas-qui-incidunt', 'Facilis a delectus corporis optio quia. Provident unde officia eius aut. Aspernatur aut ipsa ipsam quia.', 'Voluptate veritatis maiores sit dolorem est. Molestiae officia ratione dignissimos. Eveniet velit modi perspiciatis praesentium iure. Omnis quas perspiciatis aut et voluptas. Cumque laudantium aut sunt modi consequatur sunt et. Et odio nesciunt eveniet architecto voluptatem ut. Aut fugit corporis veritatis ipsam. Dolor ut accusamus id consequatur culpa beatae excepturi. Perspiciatis rerum possimus occaecati ea saepe assumenda. Qui aut nam et vitae fugiat est.', 'DRAFT', 'https://lorempixel.com/1200/400/?60110', '2018-03-30 20:49:57', '2018-03-30 20:49:57'),
(110, 21, 5, 'Natus corporis et et.', 'natus-corporis-et-et', 'Aut nisi rerum deleniti assumenda. Consequatur tempore minus asperiores voluptate atque natus aut. Non a dolor eligendi sit dicta.', 'Ipsum quis expedita nisi in non. Voluptatem dolorum rerum perspiciatis dicta. Consequatur similique rerum recusandae asperiores. Sequi quia aut molestiae sed eum amet iste officia. Ut quia officiis perspiciatis quia ut repudiandae. Molestiae ab minus voluptatem pariatur dolores nihil ut. Cumque enim iste sit inventore. Quia necessitatibus ipsum maiores nihil. Sequi fugit eaque exercitationem. Dolorum voluptas odit totam quis aut.', 'DRAFT', 'https://lorempixel.com/1200/400/?59806', '2018-03-30 20:49:57', '2018-03-30 20:49:57'),
(111, 10, 19, 'Non velit voluptas nihil modi.', 'non-velit-voluptas-nihil-modi', 'Odio fugiat illum est molestias et dolores. Voluptatum sit et magni assumenda ab. Voluptates voluptatem itaque deleniti quia. Placeat ut suscipit id. Ut et omnis nobis quia ut ipsa repellendus.', 'Aliquid incidunt atque consequuntur autem provident fuga sunt. Hic itaque tenetur quibusdam porro qui illo nesciunt. Esse eum quidem quasi incidunt odit velit ut quos. Suscipit sit ut at distinctio nobis nihil magni. Debitis possimus et quisquam quae ipsam quidem eos. Magnam iusto dolores corporis iusto. Aut tempora similique corrupti odit autem. Nihil sequi temporibus pariatur voluptatem dolor. Aut voluptas sapiente vero veniam fuga repellat laboriosam.', 'DRAFT', 'https://lorempixel.com/1200/400/?17984', '2018-03-30 20:49:57', '2018-03-30 20:49:57'),
(112, 3, 11, 'Iste aliquid et sapiente.', 'iste-aliquid-et-sapiente', 'Ipsam saepe facilis exercitationem mollitia. Et magnam occaecati officia id. Tempore sed facere nulla ipsum beatae qui. Non iste perspiciatis ea qui.', 'Facere autem odit quia sit occaecati voluptas. Debitis voluptas asperiores at aspernatur aliquid in. Corporis iure quia est sequi quidem aliquam. In et minima earum cupiditate libero. Doloremque recusandae cumque et et corrupti repellat qui. Deserunt ut reprehenderit explicabo ut nobis. Ut libero veniam et aut eius reprehenderit. Et ipsum voluptatum ut voluptatem. Saepe porro pariatur aliquid ut. Est quis tenetur in qui.', 'DRAFT', 'https://lorempixel.com/1200/400/?60735', '2018-03-30 20:49:57', '2018-03-30 20:49:57'),
(113, 14, 1, 'Qui aut unde vel.', 'qui-aut-unde-vel', 'Nulla porro vel sed illo molestiae. Facilis aut autem et error corrupti voluptas quia. Reiciendis rerum voluptates velit. Provident qui reiciendis ab vero facilis ducimus qui.', 'Est nobis numquam in dignissimos iure neque. Et sapiente quae veritatis tempora autem. Ipsam numquam iusto fuga consequuntur. Aperiam iste in quia alias. Culpa illo molestias deserunt consequatur molestiae. Delectus enim fuga qui in nulla possimus magni aspernatur. Pariatur quas nostrum id quaerat aut magnam qui. Qui nesciunt maxime quibusdam ipsam quisquam maxime ea. Ullam consequatur odit in ut tenetur rerum. Qui debitis dolores eligendi quia ex veritatis dicta.', 'DRAFT', 'https://lorempixel.com/1200/400/?39953', '2018-03-30 20:49:57', '2018-03-30 20:49:57'),
(114, 26, 12, 'Aut nihil qui cumque fuga.', 'aut-nihil-qui-cumque-fuga', 'Quas quia eos velit similique minus sunt. Inventore aperiam rerum autem. Accusamus laborum beatae et neque autem recusandae quia.', 'Aut autem non et consequatur a occaecati. Omnis unde et et necessitatibus. Omnis rerum ut aliquid est minus reprehenderit. Laudantium quia eum rerum vitae mollitia et odit autem. Enim non et itaque asperiores. Qui sed quia tempora provident. Reiciendis fugit provident cupiditate cupiditate. Aliquam accusantium ab sit impedit at. Voluptas dolore id ratione vel. Natus nesciunt fuga vel et provident. Natus aut voluptatem quos.', 'PUBLISHED', 'https://lorempixel.com/1200/400/?58217', '2018-03-30 20:49:57', '2018-03-30 20:49:57'),
(115, 4, 12, 'Sint a rerum cupiditate itaque.', 'sint-a-rerum-cupiditate-itaque', 'Nobis ut hic et quaerat ut expedita consequuntur fuga. Numquam explicabo nam expedita exercitationem possimus cumque. Molestiae in voluptatem et impedit quia. Impedit nobis aliquam mollitia enim sed.', 'Officiis id vel voluptatem reiciendis fugiat. Nesciunt molestiae doloremque eos explicabo accusamus. Dolor optio sit sed est. Quisquam ea et voluptatibus aut est quia fugiat. Quia aut iusto doloremque ut delectus. Quo et eligendi distinctio accusantium maiores voluptates corporis ullam. Consequatur molestiae ut dolor est. Id doloremque voluptas corrupti dolore in qui. Sunt doloremque in voluptatem qui eos vero.', 'PUBLISHED', 'https://lorempixel.com/1200/400/?58828', '2018-03-30 20:49:57', '2018-03-30 20:49:57'),
(116, 17, 17, 'Molestiae vitae est aut optio iure.', 'molestiae-vitae-est-aut-optio-iure', 'Nisi aliquam iure voluptatem quidem. Magni enim aut blanditiis voluptatibus ducimus culpa. Eos qui ipsam rerum explicabo.', 'Quae eos ut harum quod. Ratione et commodi rem explicabo. Magnam eum asperiores eaque rerum harum quo. Ipsa corrupti eveniet quo velit ducimus non. Modi delectus explicabo adipisci. Accusantium repellat voluptatem omnis ut et et vitae. Accusamus necessitatibus ducimus alias officia quibusdam magnam nisi. Labore nesciunt impedit doloribus omnis similique. Veritatis eos quo consequatur consequatur. Sint animi laudantium magnam maiores. Pariatur occaecati sint dolores.', 'PUBLISHED', 'https://lorempixel.com/1200/400/?59934', '2018-03-30 20:49:57', '2018-03-30 20:49:57'),
(117, 19, 3, 'Voluptatem id in.', 'voluptatem-id-in', 'Illo necessitatibus ipsum rerum doloribus a atque. Optio sunt facilis provident. Eum voluptas odio qui illo iusto dolorem.', 'Optio a enim nostrum. Alias laboriosam laborum sint tempora sit. Eos voluptates perferendis porro provident qui. Fugit laudantium dicta est iure repellat voluptas. Sint rem quia nulla eveniet natus voluptas. Repellendus aut autem ut qui praesentium quis enim enim. Nisi beatae omnis nihil tempora. Ipsam consequuntur voluptas tenetur dolorem corrupti odio quas nulla.', 'PUBLISHED', 'https://lorempixel.com/1200/400/?10035', '2018-03-30 20:49:57', '2018-03-30 20:49:57'),
(118, 26, 7, 'Quis eos error in.', 'quis-eos-error-in', 'Consequatur animi nemo tenetur eius et eos. Magnam non a sed incidunt neque aspernatur adipisci tenetur.', 'Aperiam fugiat id ex et aliquam esse. Eum alias inventore fugiat illo voluptas earum eum. Recusandae voluptate ab officiis ducimus eum sit maiores est. Quas nulla eos quas amet. Ipsum quis praesentium ut laborum voluptas. Esse laboriosam quibusdam laudantium beatae nesciunt perferendis est. Voluptatum velit aut ipsam dicta quaerat. Quia vel sit harum et culpa et consequuntur. Ipsa ut nemo qui ipsa reprehenderit suscipit molestias. Non molestiae distinctio sint ad consequatur ea modi odit.', 'PUBLISHED', 'https://lorempixel.com/1200/400/?87028', '2018-03-30 20:49:57', '2018-03-30 20:49:57'),
(119, 26, 20, 'Beatae fuga quasi.', 'beatae-fuga-quasi', 'Non in nulla itaque libero. Qui eaque optio eos occaecati qui cum quia. Quasi vitae assumenda cupiditate et. Amet molestias maxime quod rem.', 'Perspiciatis quo itaque provident quis numquam maxime illum. Id nobis quis iste libero est delectus tenetur. Rerum eos suscipit voluptatibus suscipit. Iure id soluta molestias eum est. Vero rerum facilis rerum omnis. Qui sapiente eos occaecati autem reiciendis rerum mollitia. Et ut sequi aut culpa aspernatur rerum voluptatem. Soluta accusantium nisi vel ratione non. Nobis ex dolores ut.', 'PUBLISHED', 'https://lorempixel.com/1200/400/?50726', '2018-03-30 20:49:57', '2018-03-30 20:49:57'),
(120, 11, 14, 'Laborum eum natus facilis velit.', 'laborum-eum-natus-facilis-velit', 'Quis dolorem nam atque est rerum. Nihil assumenda velit temporibus ea. Aut voluptatem voluptatum id et rerum fugit itaque.', 'Totam et minus et sunt quod. Saepe et alias voluptate maiores et repellendus. Dolorem maiores laboriosam aut et fugit delectus quo a. Numquam omnis inventore consequatur nobis et cumque animi nam. Quibusdam animi iste iure et rerum a amet. Porro cupiditate dolor tempore ut. Quas libero sunt eum sint necessitatibus qui qui. Sed tempora dolor ipsum nesciunt numquam et a necessitatibus.', 'PUBLISHED', 'https://lorempixel.com/1200/400/?56693', '2018-03-30 20:49:57', '2018-03-30 20:49:57'),
(121, 29, 3, 'Autem accusantium voluptate reprehenderit.', 'autem-accusantium-voluptate-reprehenderit', 'Laboriosam laudantium ullam repellat autem et. Dolores quia quia est reiciendis iste. Quis assumenda aliquid distinctio molestias illum quidem et.', 'Qui eaque perferendis porro libero itaque. Dolorum fugit id eum ipsam dolore delectus numquam. Vitae eos eius qui ut. Odio et accusamus sit qui. Numquam maxime molestiae unde nostrum neque et. Magni cupiditate ad laudantium animi. Corrupti facilis omnis incidunt. Voluptatem ipsum eligendi quod libero repellendus omnis nam et. Et assumenda quod perspiciatis sed numquam recusandae dolore. Quos porro delectus rerum sit et. Voluptatem commodi officiis distinctio id. Impedit sed accusantium dolores.', 'DRAFT', 'https://lorempixel.com/1200/400/?79824', '2018-03-30 20:49:57', '2018-03-30 20:49:57'),
(122, 1, 7, 'Quo autem consequuntur a.', 'quo-autem-consequuntur-a', 'Aut nostrum sequi nihil sed error rem modi corrupti. Tempore sed iste et sed doloremque nam. Aut minus doloribus eius tenetur sit ut reiciendis. Explicabo neque fugiat excepturi suscipit et ut.', 'Molestias quos necessitatibus nulla itaque vitae sed. Similique saepe tenetur reiciendis dolor. Quos et dolor porro beatae neque accusantium. Enim doloribus ut voluptas laborum repudiandae pariatur quia. Ex est consectetur cumque ut. Fugit quaerat laboriosam doloremque quas voluptatum. Possimus repellat aut magnam nobis.', 'PUBLISHED', 'https://lorempixel.com/1200/400/?65665', '2018-03-30 20:49:57', '2018-03-30 20:49:57'),
(123, 12, 1, 'Eius inventore odit.', 'eius-inventore-odit', 'Architecto quia quos quia doloribus accusantium. Maiores at aspernatur voluptatibus rerum. Minima reprehenderit molestiae magnam sapiente perspiciatis ullam.', 'Aut excepturi corporis facilis dolorem repudiandae sapiente. Qui unde qui similique iure aut porro culpa. Pariatur quia rerum voluptas nihil. Ex dolor ab vitae. Aut et numquam laboriosam tempora tempore corrupti maiores. Repellendus beatae saepe rem quia porro laboriosam omnis. Culpa sed doloribus occaecati enim dolores voluptatem. Nam et eaque beatae aut quibusdam incidunt molestiae dolores. Illo perspiciatis et incidunt ipsum dolorem earum pariatur.', 'PUBLISHED', 'https://lorempixel.com/1200/400/?14419', '2018-03-30 20:49:57', '2018-03-30 20:49:57'),
(124, 26, 15, 'Eius totam dolorum est.', 'eius-totam-dolorum-est', 'Nulla dolores reprehenderit a sint in. Repellendus quod reiciendis esse quia aliquid sit.', 'Rem qui quo est distinctio. Ad itaque quaerat repudiandae voluptatibus id. Quia ut eum rerum assumenda natus at. Occaecati dolore officia temporibus. Qui rem voluptate et doloremque minus. Quidem repudiandae voluptatum voluptas. Cupiditate in est pariatur quasi impedit. Voluptates similique vel blanditiis sunt expedita aut sapiente. Quas quis nam neque culpa facilis nam accusantium quibusdam.', 'PUBLISHED', 'https://lorempixel.com/1200/400/?25336', '2018-03-30 20:49:58', '2018-03-30 20:49:58'),
(125, 16, 9, 'Et repellendus deleniti.', 'et-repellendus-deleniti', 'Quam sit dolor placeat assumenda dolorem quia. Nulla est qui ipsum. Aut mollitia maxime consectetur quia cupiditate. Ex quo est pariatur sunt at nemo provident.', 'Reprehenderit voluptas blanditiis quo quia. Laboriosam itaque et maxime non aut. Est ipsum dolores voluptas aliquid error. Natus est maiores fuga quis illum. Distinctio aspernatur sunt et maiores nihil dignissimos nemo. Quidem mollitia animi ea sed. Et architecto et voluptas officiis voluptatem eveniet. Odio perferendis at vero rem autem voluptatem.', 'PUBLISHED', 'https://lorempixel.com/1200/400/?72672', '2018-03-30 20:49:58', '2018-03-30 20:49:58'),
(126, 1, 18, 'Id nesciunt eveniet.', 'id-nesciunt-eveniet', 'Voluptas corrupti dolorem magnam esse iure. Totam quisquam nihil et nesciunt. Officiis a quo ut ut amet dolores. Est rerum explicabo rem autem eveniet.', 'Deserunt voluptatibus possimus tempora. A necessitatibus odio possimus magnam sit neque. Sit ut enim tenetur animi. Numquam beatae quaerat ut atque. Modi dolorem similique sed natus non. Facilis odit deserunt nisi non sint aliquam. Rerum accusantium laudantium labore sed. Quasi quo similique inventore et quam. Hic omnis enim eveniet quo doloremque. Consequatur aut accusantium ea incidunt. Aliquid ut nisi a debitis enim. Ut excepturi et ut et officia odit perferendis.', 'PUBLISHED', 'https://lorempixel.com/1200/400/?71518', '2018-03-30 20:49:58', '2018-03-30 20:49:58'),
(127, 13, 4, 'Id ratione et tempore maiores.', 'id-ratione-et-tempore-maiores', 'Culpa quam quam vel aliquid. Rerum voluptatibus officia sed odit autem non unde. Recusandae ut impedit quaerat rerum quae dicta atque.', 'Et debitis voluptas exercitationem consectetur nihil provident beatae. Veniam in velit labore voluptatibus sed dolor nam. Ab iure iusto veniam et architecto incidunt. Animi dolore perferendis officiis rerum fuga itaque. Omnis alias omnis dignissimos eum consequatur. Est cumque autem soluta minus cum sequi minus.', 'PUBLISHED', 'https://lorempixel.com/1200/400/?56228', '2018-03-30 20:49:58', '2018-03-30 20:49:58'),
(128, 11, 17, 'Autem voluptatum at atque doloremque.', 'autem-voluptatum-at-atque-doloremque', 'Molestiae aliquam dolorem eius amet soluta et. Assumenda qui perspiciatis quisquam sapiente odio eum et. Nostrum distinctio maxime porro omnis. Similique non qui alias voluptatem est molestias.', 'Odio ea maiores magni quis. Qui debitis ea atque minus. Natus aut non vero et quod suscipit cupiditate. Placeat pariatur quia aperiam et. Repudiandae inventore suscipit autem neque voluptatem ut alias nihil. Voluptas explicabo inventore qui. Odit quo nihil a aliquid consequatur. Sed id dolor voluptatem et ipsum iure. Ut modi aut ab incidunt. Sed modi ut qui vel. Saepe eaque aut praesentium voluptates.', 'PUBLISHED', 'https://lorempixel.com/1200/400/?16757', '2018-03-30 20:49:58', '2018-03-30 20:49:58'),
(129, 12, 16, 'Ea aut corporis fugit natus.', 'ea-aut-corporis-fugit-natus', 'Porro perspiciatis est rerum officia alias corrupti. Vero mollitia labore minima sunt. Dignissimos maiores commodi minima consequuntur.', 'Iure alias possimus qui eos. Sed nulla nam eveniet veniam corporis. Aut est facilis et sunt est sint. Voluptas sit incidunt velit rem voluptates incidunt. Deserunt recusandae qui voluptatum velit. Ut accusantium quas eaque fuga. Esse itaque ut modi ut quia aut nesciunt. Qui neque veniam in blanditiis animi corporis. Occaecati dolores vel quia sit. Vel quia alias beatae id.', 'PUBLISHED', 'https://lorempixel.com/1200/400/?97439', '2018-03-30 20:49:58', '2018-03-30 20:49:58'),
(130, 15, 12, 'Expedita facere voluptas voluptatibus ut.', 'expedita-facere-voluptas-voluptatibus-ut', 'Minima dolore ipsa perspiciatis ut itaque. Odit sed quas molestias ut. Molestias eos dolorem temporibus in aut laboriosam et. Fugiat sed nulla quam qui doloribus voluptatem.', 'Ut provident quia suscipit dolor quis dolorum vel. Voluptatem ut assumenda voluptatum ut impedit fugiat fuga consectetur. Placeat accusantium quia iure inventore. Itaque recusandae iste blanditiis cupiditate voluptatum libero alias voluptatem. Vel ut eligendi voluptatibus. Accusantium sequi aut quaerat. Animi quaerat odit dignissimos.', 'DRAFT', 'https://lorempixel.com/1200/400/?20252', '2018-03-30 20:49:58', '2018-03-30 20:49:58'),
(131, 6, 16, 'Harum molestiae quis.', 'harum-molestiae-quis', 'Sunt earum minus nesciunt non quos beatae modi. Et sequi alias voluptas nihil voluptas maiores minima. Sint et commodi ullam ut ipsa pariatur at. Deleniti ut deserunt amet neque.', 'Facilis quae architecto inventore ea maxime doloribus repellat. Consequatur voluptatem voluptas autem explicabo. Rem ex qui ipsa quam. Rerum similique eius rerum qui ullam. Perspiciatis porro est et eum fuga saepe. Mollitia enim occaecati facilis dolores voluptatibus dicta voluptatibus. Fuga cumque fugiat delectus ipsa rem et. Maxime quos vero libero reiciendis consequatur. Id et et a consequatur iusto omnis incidunt. Necessitatibus qui nemo quia aliquid eligendi aut.', 'DRAFT', 'https://lorempixel.com/1200/400/?22068', '2018-03-30 20:49:58', '2018-03-30 20:49:58'),
(132, 28, 16, 'Architecto odio quis.', 'architecto-odio-quis', 'Aut magni beatae repellendus molestiae non. Earum excepturi tempora quasi enim repudiandae. Quaerat facere voluptates qui aut eaque. Exercitationem voluptatem eos molestiae ipsum veritatis.', 'Quasi suscipit sunt doloremque et sint voluptas ipsa. Maiores ut eum earum nostrum odio asperiores quo eaque. Aperiam et accusantium id non repellendus quas vero. Quos excepturi autem aut non illum neque distinctio at. Omnis mollitia rerum dolor laborum. Nesciunt dolor qui cupiditate omnis. Voluptatem et quae aspernatur omnis. Quam molestias eius ullam sit fugit ut. Et ad numquam ab rerum. Sunt odio qui consequuntur vel aspernatur inventore consequatur.', 'PUBLISHED', 'https://lorempixel.com/1200/400/?54573', '2018-03-30 20:49:58', '2018-03-30 20:49:58'),
(133, 29, 15, 'Optio necessitatibus deleniti.', 'optio-necessitatibus-deleniti', 'Ut consequatur cumque deserunt ut. Et qui quas repudiandae iusto necessitatibus commodi. Nostrum optio repudiandae ad vel recusandae.', 'Voluptate voluptatibus omnis quisquam id nihil omnis aperiam. Et occaecati est optio assumenda corporis nesciunt voluptatem. Omnis esse excepturi et voluptate blanditiis voluptas est. Rem dolorem soluta tempora optio sit et voluptas ut. Placeat quis tempore ut modi aspernatur. Molestiae qui exercitationem aut ab ratione a id. Exercitationem est dolor qui ab ut perspiciatis. Delectus ut aut ad. Placeat nam nihil repudiandae sed officiis qui. Ea deleniti sapiente enim dolorum beatae.', 'DRAFT', 'https://lorempixel.com/1200/400/?21790', '2018-03-30 20:49:58', '2018-03-30 20:49:58'),
(134, 20, 5, 'Commodi dignissimos eos necessitatibus enim.', 'commodi-dignissimos-eos-necessitatibus-enim', 'Rerum nam aut vitae dolorem ab fuga voluptas rerum. Voluptate fugit perferendis eligendi. Id nobis culpa deserunt consectetur provident iure.', 'Aut eos veniam voluptatem quia nisi doloribus dolores. Rerum alias minus omnis veritatis. Voluptatem quia quo temporibus et ad nesciunt est. Dolorum rerum debitis aut autem unde distinctio. Eum dolor ipsam molestiae culpa numquam asperiores ea. Quo et quia est qui. Sequi sed voluptatum modi laudantium reiciendis quos atque. Quo nihil enim et consequatur quo est quaerat. Rem dolores officia rerum nesciunt odit voluptates cum.', 'DRAFT', 'https://lorempixel.com/1200/400/?31008', '2018-03-30 20:49:58', '2018-03-30 20:49:58'),
(135, 11, 20, 'Provident possimus optio et nisi assumenda.', 'provident-possimus-optio-et-nisi-assumenda', 'Placeat mollitia quas quos similique vel eveniet. Dolores minus et rerum fugit et laborum. Ut accusantium commodi in mollitia repudiandae saepe praesentium neque.', 'Debitis autem temporibus vel quas occaecati ad aspernatur. Eum est quas maxime quas perspiciatis sunt aperiam. Facilis sequi quia sunt corrupti. Nesciunt sed voluptate eaque. Cum quia et qui. Nisi placeat molestiae dolores consequatur sint ratione harum. Quia voluptatem in illo esse. Voluptatem maxime totam voluptates molestiae beatae pariatur dolor. Ab voluptas rerum qui distinctio sed veniam velit.', 'DRAFT', 'https://lorempixel.com/1200/400/?19355', '2018-03-30 20:49:58', '2018-03-30 20:49:58'),
(136, 20, 13, 'Nisi aliquam hic facere.', 'nisi-aliquam-hic-facere', 'Omnis et qui delectus. Quis adipisci esse qui error aliquam maiores vel. Quae nobis vel ut at assumenda culpa. Tempore ut qui doloribus dolore nisi alias in harum.', 'Qui enim reiciendis quis vel velit harum. Architecto ut in a sint facilis sunt ad. Saepe odit quia dignissimos libero non id. Et totam nulla corrupti voluptatem nihil. Nostrum aut possimus doloremque accusantium maiores quibusdam. Explicabo aut ut soluta ipsam et aspernatur voluptatibus. Est quisquam ex et minima alias. Accusantium ea harum libero et ea incidunt est. Similique consequatur quas eum ut.', 'DRAFT', 'https://lorempixel.com/1200/400/?80595', '2018-03-30 20:49:58', '2018-03-30 20:49:58'),
(137, 28, 5, 'Quo dolor veniam vel nihil.', 'quo-dolor-veniam-vel-nihil', 'Quisquam itaque debitis officiis aut saepe. Iure est sed amet est harum. Temporibus delectus vel voluptas. Accusamus reprehenderit dolores ea. Rerum culpa beatae voluptatem eos id officiis.', 'Quia veritatis ipsam excepturi voluptatem. Autem rerum suscipit iure inventore amet voluptatem. Maiores natus vel dolores nihil. Velit similique quidem quod voluptatibus perferendis. Cum corrupti sit laboriosam recusandae. Perferendis quis qui qui laboriosam. Inventore est facere in rerum libero accusamus harum.', 'DRAFT', 'https://lorempixel.com/1200/400/?44265', '2018-03-30 20:49:58', '2018-03-30 20:49:58'),
(138, 28, 14, 'Corporis adipisci iste repellat voluptatum eius.', 'corporis-adipisci-iste-repellat-voluptatum-eius', 'Libero excepturi culpa assumenda nemo. Delectus cupiditate sunt tempora facere quasi eaque autem. Dolore in possimus deserunt dignissimos at autem dolor. Sapiente quae dolor mollitia est.', 'Asperiores sint illum soluta ratione. Eos quo deserunt atque porro enim sapiente. Asperiores facere sed est dignissimos quo recusandae eaque non. Iure quaerat eaque dolorem ab molestias nobis. Temporibus eos et eos est. Minima rerum harum dolorem quia repellendus. Aut voluptatibus repudiandae qui voluptatem animi dolores. Sed asperiores sit quis delectus vitae ducimus. Alias fugiat adipisci blanditiis. Odit maiores ut sint doloribus suscipit. Qui repellat recusandae consequatur culpa ipsum.', 'PUBLISHED', 'https://lorempixel.com/1200/400/?35723', '2018-03-30 20:49:58', '2018-03-30 20:49:58');
INSERT INTO `posts` (`id`, `user_id`, `category_id`, `name`, `slug`, `excerpt`, `body`, `status`, `file`, `created_at`, `updated_at`) VALUES
(139, 23, 5, 'Nostrum ut magni rerum placeat aspernatur.', 'nostrum-ut-magni-rerum-placeat-aspernatur', 'Excepturi qui quo nemo cupiditate sunt. Veritatis a sequi exercitationem placeat. Dolorem ut voluptas accusamus quidem dolorem minima.', 'Maiores voluptas labore dolor quaerat accusamus recusandae explicabo et. Ea atque voluptatem at voluptatibus et qui ratione. Iure ab dolore qui eveniet vel. Dolor officia laborum aliquam distinctio saepe repudiandae. Vitae ea ipsum officiis sint. Et nihil officia cumque doloremque. Asperiores voluptas voluptatum laboriosam commodi accusantium aut accusamus qui. Itaque possimus et fuga autem et. Sit nihil iusto magnam vel nihil libero quia. Nesciunt ad dolore amet.', 'DRAFT', 'https://lorempixel.com/1200/400/?24503', '2018-03-30 20:49:58', '2018-03-30 20:49:58'),
(140, 15, 19, 'Temporibus repellat quam maxime.', 'temporibus-repellat-quam-maxime', 'Possimus nam porro maiores harum molestias dolor. Qui voluptatibus nihil vel officia facilis est maxime. Numquam enim cupiditate velit. Omnis commodi et voluptas magnam magni ratione.', 'Et illo fugiat non quis repellendus corporis. Officiis vel voluptas voluptate. Aliquam aut dignissimos similique fuga harum. Esse eum commodi asperiores in. Vero placeat alias nisi eveniet et. Sit ipsa est quo ut omnis odit dignissimos. Amet quas unde laboriosam perferendis. Facilis omnis sit tempore. At rerum debitis dolorum. Nemo rerum rerum harum quos labore nihil eligendi.', 'PUBLISHED', 'https://lorempixel.com/1200/400/?15284', '2018-03-30 20:49:58', '2018-03-30 20:49:58'),
(141, 21, 13, 'Consequuntur quas ullam animi qui.', 'consequuntur-quas-ullam-animi-qui', 'Dolorum nulla non libero repellat earum blanditiis est. Illum animi sequi eum quaerat omnis. Error voluptatem provident earum qui voluptas dicta earum occaecati.', 'Ipsam deleniti in itaque eum ullam. Illum consequatur aut minima autem qui. Voluptate officiis explicabo eligendi velit et. Et dolor velit earum animi quo voluptatum cum esse. Quas voluptatem perspiciatis ut possimus aut dolorem non. Sed odit quo nam rerum sed. Architecto sit culpa commodi quo earum harum perferendis.', 'PUBLISHED', 'https://lorempixel.com/1200/400/?67532', '2018-03-30 20:49:58', '2018-03-30 20:49:58'),
(142, 13, 7, 'Est earum reprehenderit corrupti.', 'est-earum-reprehenderit-corrupti', 'Corrupti facere nobis odit reiciendis et. Porro qui qui dolor quia ratione. Nulla nulla aut iure. Officia consectetur voluptatum voluptatem architecto.', 'Ad ipsum sunt fugiat cumque temporibus. Odit est dolorem aut aut reprehenderit. Rerum nihil molestiae placeat veritatis est minima dicta saepe. Ut sed harum magni voluptatem. Mollitia sed suscipit est. Voluptatem et in sunt distinctio. Corrupti eos optio laboriosam rerum. Sint et inventore omnis est aperiam. Vero facere veritatis et ea aut maxime. Est earum dolores officia a saepe.', 'DRAFT', 'https://lorempixel.com/1200/400/?71016', '2018-03-30 20:49:58', '2018-03-30 20:49:58'),
(143, 28, 14, 'Quae sunt aut sed placeat.', 'quae-sunt-aut-sed-placeat', 'Dicta qui quia aut molestiae consequuntur quasi. Sit reiciendis perspiciatis et tempore. Atque sunt delectus aspernatur et.', 'Et laudantium qui illo dolorum numquam repudiandae. Quam nihil cupiditate omnis velit sit. Sit aliquam et nulla quia hic inventore quae voluptate. Et vel mollitia non accusantium ea est. Voluptas occaecati quis qui voluptatem omnis. Nam consequatur numquam dolorem dolore commodi. Et error possimus voluptas. Rem voluptas iusto animi magnam ducimus consequatur et. Architecto sint sint non.', 'PUBLISHED', 'https://lorempixel.com/1200/400/?95957', '2018-03-30 20:49:58', '2018-03-30 20:49:58'),
(144, 20, 2, 'Nisi autem aut facilis.', 'nisi-autem-aut-facilis', 'Quia aliquam quaerat est expedita consequatur. Aliquam aut praesentium id cum non aut voluptatem. Consequatur voluptas placeat nobis autem rerum. Temporibus voluptate quia maxime corrupti.', 'Accusamus libero ullam est et debitis. Expedita et quo vel est. Est nostrum est quas dolore nobis sint quia. Repellat hic quis minus. Fuga omnis et ut. Animi doloremque earum vitae necessitatibus eos dolorum ipsa. Vel sunt rerum quos dignissimos. At nihil consequuntur accusamus modi et voluptatem laborum animi. Ea nobis perferendis perferendis quia consectetur dolor. Recusandae nam deleniti qui nam.', 'DRAFT', 'https://lorempixel.com/1200/400/?95291', '2018-03-30 20:49:59', '2018-03-30 20:49:59'),
(145, 18, 5, 'Cupiditate sed dolores.', 'cupiditate-sed-dolores', 'Aut alias quia explicabo est recusandae et ut. Ex qui perspiciatis aut delectus aliquid similique ullam. Neque numquam atque voluptas iusto perspiciatis nulla.', 'Deleniti voluptates et quia temporibus tempore tempore praesentium ab. Inventore minima quia distinctio aliquam fugiat aut eos. Sit aut nihil sequi maiores. Non unde error alias dolor. Dolores totam debitis et non ut. Voluptate sunt culpa et atque asperiores ad. Libero ut saepe aut ab fugiat et velit amet.', 'DRAFT', 'https://lorempixel.com/1200/400/?51585', '2018-03-30 20:49:59', '2018-03-30 20:49:59'),
(146, 21, 8, 'Error velit omnis dolorem et.', 'error-velit-omnis-dolorem-et', 'Non minus inventore cupiditate eos quod. Suscipit a omnis non non amet est. Voluptas praesentium repellat quo. Voluptatem non aut ut sed facilis.', 'Qui dolore hic natus harum corrupti corrupti in. Necessitatibus ipsa voluptate animi reiciendis corporis aut delectus. Excepturi nemo ea odio architecto temporibus. Totam qui maxime ratione et voluptatem minima dolor. Amet a nam nostrum fugiat quod impedit. Recusandae sunt deserunt voluptates totam. Quia sunt adipisci aspernatur saepe.', 'PUBLISHED', 'https://lorempixel.com/1200/400/?57311', '2018-03-30 20:49:59', '2018-03-30 20:49:59'),
(147, 1, 11, 'Molestias est ipsa.', 'molestias-est-ipsa', 'Excepturi unde officiis qui mollitia provident. Repellendus dolorem culpa cum aliquid dolores adipisci. Aperiam quas exercitationem perferendis.', 'Earum magnam debitis laborum alias magnam culpa ea. A commodi quod voluptatem voluptatem a vitae aut. Blanditiis alias omnis ut eum. Repellendus optio sequi enim perspiciatis. Veritatis hic sint ut. Sunt sit praesentium non eius dolorum fugit delectus amet. Deserunt tenetur pariatur autem. Sint vero quae molestias voluptatem. Reprehenderit asperiores unde dolores. Distinctio iusto vero qui. Unde sequi laudantium fugiat qui praesentium non error nihil.', 'PUBLISHED', 'https://lorempixel.com/1200/400/?86131', '2018-03-30 20:49:59', '2018-03-30 20:49:59'),
(148, 8, 12, 'Repudiandae qui esse qui.', 'repudiandae-qui-esse-qui', 'Quis ut et vel assumenda. Voluptate eum repudiandae temporibus itaque vitae dolorem. Doloremque excepturi sit aut non nemo explicabo corrupti aut. Aut quaerat qui rem iusto ut.', 'Facilis dolor nobis velit voluptatem sit corrupti. Dolor molestiae ab consectetur nulla nostrum saepe esse aspernatur. Esse ipsum sit quaerat aut. Est minima veniam quod. Ut repellat architecto ut. Ea soluta aut ducimus qui unde. Mollitia nihil et impedit excepturi nobis accusantium. Magni rerum libero corporis ut et magnam delectus. Et quidem ea nihil molestiae. Sit sunt ipsum dolore consectetur quasi accusantium.', 'DRAFT', 'https://lorempixel.com/1200/400/?11242', '2018-03-30 20:49:59', '2018-03-30 20:49:59'),
(149, 14, 8, 'Omnis assumenda quas doloribus quia et.', 'omnis-assumenda-quas-doloribus-quia-et', 'Qui distinctio dignissimos expedita est. Illum temporibus adipisci tenetur earum deleniti aut. Natus at ea deleniti quasi laborum ea. Architecto labore eius necessitatibus sit.', 'In ex ea ea ab qui ut. Aliquid modi sapiente modi expedita quasi ipsa enim explicabo. Enim unde consequatur provident corporis natus. Sint velit harum nostrum quasi. Nulla quae temporibus aut nesciunt. Possimus delectus quia quidem est cum veniam ut assumenda. Modi est suscipit sint fugiat. Quisquam sapiente velit quidem aut iusto et. Alias eaque quaerat ut similique repellendus ut nulla. Quo dolorem voluptatum illo inventore porro esse et. Et laboriosam aut vel non magnam.', 'PUBLISHED', 'https://lorempixel.com/1200/400/?35621', '2018-03-30 20:49:59', '2018-03-30 20:49:59'),
(150, 14, 6, 'Vitae et est nostrum hic.', 'vitae-et-est-nostrum-hic', 'Et laudantium numquam delectus aliquam. Suscipit et delectus quibusdam ut iure qui iure. Et saepe voluptatem et. Natus ut vero nihil distinctio.', 'Facere repellat laboriosam deleniti officiis neque temporibus. Delectus aliquam magnam corporis. Nihil ratione vel qui aut voluptate nisi. Deserunt placeat perspiciatis cupiditate cupiditate. Omnis vel similique odit assumenda dolor deleniti. Assumenda sint eum eum et. Debitis dolorum omnis cumque voluptatibus. Impedit sint illum voluptate odit. Ut non reprehenderit cumque magnam quia illo rerum. Vero sit perferendis eveniet beatae voluptatem.', 'DRAFT', 'https://lorempixel.com/1200/400/?47469', '2018-03-30 20:49:59', '2018-03-30 20:49:59'),
(151, 1, 17, 'Saepe voluptatem eaque aut eos.', 'saepe-voluptatem-eaque-aut-eos', 'Dolorem ut animi magnam necessitatibus culpa laborum odio laudantium. Delectus incidunt deserunt ut earum aliquam. Ipsa iure reiciendis exercitationem nulla excepturi excepturi et.', 'Sunt qui et sunt temporibus fugit assumenda. Animi atque sit fuga voluptas laborum. Vero doloribus dolor excepturi veritatis vel iusto eos sit. Aut ea fugiat non voluptas. Dignissimos consequatur pariatur ratione sit voluptates excepturi molestiae id. Minima necessitatibus aliquam ad cupiditate id est eaque. Voluptate praesentium assumenda dolorum voluptas in est molestiae. Magni labore recusandae omnis animi quisquam consectetur.', 'PUBLISHED', 'https://lorempixel.com/1200/400/?69160', '2018-03-30 20:49:59', '2018-03-30 20:49:59'),
(152, 11, 7, 'Ut et qui dicta perspiciatis.', 'ut-et-qui-dicta-perspiciatis', 'Et molestiae et et provident beatae cupiditate. Animi rerum est et repellendus dolorem doloremque harum sequi. Totam veniam quasi aut enim ipsam aut.', 'Temporibus nobis quas vel quibusdam ut. Molestias dolorum modi veritatis fuga aut incidunt aut. Voluptatem vel non voluptas aperiam non. Inventore voluptatem id nulla et aut. Occaecati maiores ipsum vero quis consequatur veniam facere. Ab nam quae saepe dolore. Aspernatur labore quis aliquid dolores aperiam quas perspiciatis. Aspernatur vel quae dolorum est.', 'DRAFT', 'https://lorempixel.com/1200/400/?53889', '2018-03-30 20:49:59', '2018-03-30 20:49:59'),
(153, 9, 20, 'Iusto dolor est nobis eos repellat.', 'iusto-dolor-est-nobis-eos-repellat', 'Nulla qui praesentium quos omnis nobis ratione odit. Ad facere consequatur id. Ut odit ut at. Dolor neque consequuntur optio dolores tempora nam dicta.', 'Quasi excepturi fuga consequuntur ut saepe dolorem expedita. Sit sit eos dolorem. Earum eos enim molestias sit hic. Nesciunt quo dolor distinctio est. Sed non voluptatibus esse ipsam adipisci iste provident. Voluptates consequuntur amet quia repellat animi rem rerum. Fugiat unde sit perferendis id vel. Placeat molestiae cum porro dolor voluptas est. Rem aut qui nobis possimus corporis sed architecto.', 'DRAFT', 'https://lorempixel.com/1200/400/?51247', '2018-03-30 20:49:59', '2018-03-30 20:49:59'),
(154, 20, 6, 'Necessitatibus et odit neque eveniet.', 'necessitatibus-et-odit-neque-eveniet', 'Aut quisquam et aut facere qui. Quia possimus cum recusandae voluptatum vel dolor. Molestiae ducimus ducimus placeat quas.', 'Eius inventore qui et expedita eaque ea repudiandae veniam. Voluptas voluptatem aut cumque. Consequatur expedita aliquam veniam labore quas. Quo voluptatum atque omnis molestiae amet. Deleniti ipsa tempore id ut explicabo error. Qui quam voluptatum et sint. Consectetur esse nihil maxime eos esse commodi aperiam. Modi rem adipisci soluta fuga.', 'DRAFT', 'https://lorempixel.com/1200/400/?17315', '2018-03-30 20:49:59', '2018-03-30 20:49:59'),
(155, 14, 17, 'Veritatis aliquam sunt.', 'veritatis-aliquam-sunt', 'Enim voluptate quo omnis quis ipsa quibusdam. Possimus qui voluptatem deserunt qui. Et aut quaerat magnam consequatur aut molestiae labore dolor.', 'Voluptatem porro ab esse suscipit dolores sed quasi. Blanditiis tenetur doloremque consequatur et. Omnis sint velit fugiat sed. Reiciendis est tenetur quia porro tenetur velit occaecati velit. Voluptas accusantium repellat illo. Est est deleniti vitae quibusdam. Qui tempora officiis quam deserunt. Doloribus unde similique fuga et hic eum modi. Eum quibusdam velit omnis reiciendis. Alias velit id nihil sunt sed sed fugiat. Dolore ipsam consequuntur dolorem veritatis labore minus et eos.', 'PUBLISHED', 'https://lorempixel.com/1200/400/?23638', '2018-03-30 20:49:59', '2018-03-30 20:49:59'),
(156, 18, 1, 'Qui natus expedita harum hic.', 'qui-natus-expedita-harum-hic', 'Dolore eaque dolores et natus. Voluptas perferendis quia quis doloribus consectetur. Sapiente repudiandae sapiente saepe excepturi sed. Quis a debitis et aut qui aut.', 'Minus sint aut amet nemo est in nesciunt. Nam occaecati sequi minus possimus perspiciatis. Harum perspiciatis dolores ex est. Ullam aut et eos error unde occaecati voluptatem. Soluta aliquam repellendus velit labore incidunt vel. Asperiores in corporis natus qui provident velit est tenetur. Qui qui iure et. Autem veritatis quo dolor facere velit in.', 'DRAFT', 'https://lorempixel.com/1200/400/?27591', '2018-03-30 20:49:59', '2018-03-30 20:49:59'),
(157, 12, 6, 'Modi iusto cupiditate fugiat.', 'modi-iusto-cupiditate-fugiat', 'Officia reiciendis explicabo est est consequatur. Tenetur dolores soluta iusto voluptatem minima dolorem sunt.', 'Sit veritatis minima itaque a provident quidem facilis. Aspernatur modi aut sed ut incidunt. Incidunt qui ex nemo odio esse inventore et aspernatur. Enim suscipit delectus eum. Consectetur dolorem dolor quidem explicabo dignissimos sit maiores. Mollitia est eos dolorum quo. Quam quo sit ut a veritatis. Maiores dolorum quam sint iste voluptas quis eum. Non enim neque unde. Accusamus esse quia saepe rerum. Atque error at quis sequi consequatur in.', 'PUBLISHED', 'https://lorempixel.com/1200/400/?59644', '2018-03-30 20:49:59', '2018-03-30 20:49:59'),
(158, 18, 20, 'Id nisi ipsum dolor pariatur.', 'id-nisi-ipsum-dolor-pariatur', 'Et culpa consequatur ipsum beatae. Molestias fugiat doloribus quidem quis quod doloribus. Doloremque aut consectetur animi culpa aut facilis.', 'Aut est cumque aliquam in provident quis. Deserunt ea dolorem debitis facilis consequatur id. Sed perferendis ex omnis mollitia officiis vitae. Et consequatur voluptatem perferendis voluptas. Ea sit non atque. Eaque et adipisci exercitationem nihil numquam repellat. Qui amet et explicabo inventore omnis necessitatibus. Dignissimos in veniam voluptatem blanditiis. Voluptas saepe nisi minima magnam et. Expedita iste non velit quaerat ut illum. Enim veniam voluptas dolorem quam voluptates.', 'DRAFT', 'https://lorempixel.com/1200/400/?92491', '2018-03-30 20:49:59', '2018-03-30 20:49:59'),
(159, 5, 4, 'Possimus occaecati nulla nulla.', 'possimus-occaecati-nulla-nulla', 'Distinctio non eum sint. Ullam quibusdam voluptatem vel tempore at. Non qui nostrum magni numquam fuga aliquam pariatur. Perferendis culpa dolores quia est atque molestiae.', 'Exercitationem dolores et debitis exercitationem quo ratione. Rem reiciendis incidunt id reiciendis. Repellat quisquam rerum deserunt. Et rerum placeat consectetur cupiditate mollitia. Aliquid modi ipsa aspernatur magni. Commodi officia et asperiores iste. Vel et consequatur impedit error adipisci eveniet eaque rerum. Aut sint ad sit aut. Fugiat et fugit laudantium. Illum iste id sint et nesciunt quia eos. Velit quia placeat aut et iste et.', 'DRAFT', 'https://lorempixel.com/1200/400/?34103', '2018-03-30 20:49:59', '2018-03-30 20:49:59'),
(160, 23, 4, 'Quia est error aliquam rerum.', 'quia-est-error-aliquam-rerum', 'Asperiores quia eligendi nemo sed eligendi. Odio accusamus atque velit explicabo animi dolorem. Asperiores dolores assumenda blanditiis magnam distinctio quod modi.', 'Fuga ipsa non adipisci ea possimus quia est. Et et exercitationem dolores tempore. Cum libero laboriosam est culpa ut pariatur. At corporis eaque voluptatem voluptate omnis et voluptatem. Qui ut voluptatem laborum reprehenderit. Eos unde facere quae eveniet dolorem aut non. Temporibus qui quo aliquid et consequatur consectetur.', 'PUBLISHED', 'https://lorempixel.com/1200/400/?39000', '2018-03-30 20:49:59', '2018-03-30 20:49:59'),
(161, 8, 8, 'Enim aut omnis neque.', 'enim-aut-omnis-neque', 'Illum consequatur dolorem deleniti architecto. Neque laboriosam dolorem eaque.', 'Omnis aliquid ex aperiam quo. Enim omnis voluptatum perferendis sit sit aliquid. Qui dignissimos fugit enim eum debitis. Ut ut officiis consequatur aut. Similique modi eligendi quaerat impedit. Modi quas provident dolor quaerat sunt sint. Ullam vero veritatis est corporis. Consectetur iusto modi tempora ullam atque dicta veritatis. Quos a consequatur non aliquid sint est est.', 'PUBLISHED', 'https://lorempixel.com/1200/400/?84899', '2018-03-30 20:49:59', '2018-03-30 20:49:59'),
(163, 30, 14, 'Ratione sint explicabo placeat.', 'ratione-sint-explicabo-placeat', 'Ut sit error quo molestiae quisquam fugiat totam illo. Rerum quasi nemo nam saepe. Architecto consequatur optio soluta commodi et.', 'Optio fuga laboriosam sed consequatur pariatur ut et. Aut velit eum eum voluptas sed repudiandae qui. Aut odit consequatur dignissimos vero aut ex animi. Aliquid vel expedita nobis. Et eveniet sit qui commodi. Enim atque ut quia. Sed et temporibus vitae sit aut. Est exercitationem laborum ut impedit molestias saepe et. Et qui dignissimos dicta ipsam. Qui nisi provident natus. Possimus et nobis quis sunt accusamus a veniam. Deserunt dolor velit ut. Id sed quo laborum nam esse.', 'PUBLISHED', 'https://lorempixel.com/1200/400/?13315', '2018-03-30 20:49:59', '2018-03-30 20:49:59'),
(164, 11, 18, 'Beatae et omnis exercitationem.', 'beatae-et-omnis-exercitationem', 'Ab nam dolore aspernatur animi nesciunt perspiciatis. Facere qui at ea alias quibusdam rerum nihil.', 'Soluta laboriosam illo consequatur quidem provident quam et. Voluptatem quos necessitatibus perspiciatis. Voluptate fugit voluptatem doloremque culpa est. Dolorum exercitationem reiciendis rem maxime impedit eos. Repellat facilis et repellat veniam quisquam aspernatur. Quaerat debitis blanditiis atque accusantium ea officiis. Minus assumenda quis impedit accusantium. Laborum quis nam nam perferendis illo tempora quidem. Sequi autem adipisci sit maiores non pariatur tenetur neque.', 'PUBLISHED', 'https://lorempixel.com/1200/400/?25794', '2018-03-30 20:49:59', '2018-03-30 20:49:59'),
(165, 13, 9, 'Dicta dignissimos fuga est illo aut.', 'dicta-dignissimos-fuga-est-illo-aut', 'Laborum illo est cum qui earum. Occaecati et dolor quia deleniti a non et voluptas. Adipisci omnis rerum aut consectetur repellendus architecto. Aliquam consequatur temporibus repellendus et.', 'Sit veritatis sint laborum qui facilis corporis voluptatum. Suscipit est velit nesciunt maiores qui. Illo minima quaerat veritatis distinctio explicabo dolorum. Est totam aut est. Atque dignissimos reiciendis saepe inventore non. Velit enim officiis quam quia. Aperiam sit doloribus cumque. Harum minus provident explicabo pariatur consequatur blanditiis adipisci. Non sint assumenda qui et velit.', 'PUBLISHED', 'https://lorempixel.com/1200/400/?70978', '2018-03-30 20:50:00', '2018-03-30 20:50:00'),
(166, 5, 19, 'Debitis et quisquam quibusdam.', 'debitis-et-quisquam-quibusdam', 'Dolor sed ut modi eos. Ut consequatur perspiciatis est corrupti dicta voluptatem distinctio. Et sit ut nemo maiores.', 'Enim eveniet dolores et totam numquam quia sunt. Porro est officia et non dolor voluptates numquam sunt. Nemo rerum quis aperiam ad. Rem veniam quas aliquam at explicabo nisi consectetur. Non voluptas placeat minima sit et et omnis. Iste dolorem cumque sit aut non quo aut et. Animi aut iure ut provident est eveniet vitae. Consequatur et quaerat aliquid. Debitis reprehenderit laboriosam voluptas doloremque laboriosam minus tenetur. Fuga nihil saepe vel assumenda sequi cupiditate.', 'DRAFT', 'https://lorempixel.com/1200/400/?73445', '2018-03-30 20:50:00', '2018-03-30 20:50:00'),
(167, 19, 7, 'Aut numquam architecto iste alias.', 'aut-numquam-architecto-iste-alias', 'Qui reprehenderit aut nesciunt in dolorem. Nulla beatae quaerat optio itaque et facere. Et necessitatibus quisquam alias illum dignissimos ea voluptatibus.', 'Eius iusto ab voluptatem officia harum cupiditate. Omnis qui ut et ab voluptatem modi minus. Aspernatur ut nihil nobis tenetur pariatur facilis. A provident maxime tenetur. Mollitia omnis rerum ut in occaecati vitae. Blanditiis eum saepe non illum aut corrupti. Beatae expedita praesentium laboriosam consequatur molestiae cumque placeat. Rerum et quia sed nihil laudantium eos harum vitae. Beatae autem eaque quo et suscipit quis illo. Aspernatur quo saepe cupiditate labore nemo quo quia.', 'DRAFT', 'https://lorempixel.com/1200/400/?11196', '2018-03-30 20:50:00', '2018-03-30 20:50:00'),
(168, 18, 8, 'Inventore consequatur aut sed ipsa.', 'inventore-consequatur-aut-sed-ipsa', 'Voluptas repellendus unde molestiae. Sapiente cum recusandae maxime hic veritatis aliquam quia.', 'Cumque ut iure fugiat temporibus qui recusandae architecto veniam. Adipisci iusto sapiente ut. Cum a modi iure. Qui delectus illum qui necessitatibus. At ratione quia sed modi ex sit. Rem consequatur voluptate omnis voluptatem qui maiores ab libero. Distinctio aliquam dolores sint ut totam. Et molestiae et provident. Labore temporibus cupiditate soluta. Eum reiciendis minus perferendis nesciunt ea deleniti quia. Alias eligendi odit quia et voluptas. Enim qui dolor hic.', 'DRAFT', 'https://lorempixel.com/1200/400/?26217', '2018-03-30 20:50:00', '2018-03-30 20:50:00'),
(169, 16, 20, 'Nam veniam quis dolores voluptatem aut.', 'nam-veniam-quis-dolores-voluptatem-aut', 'Ut expedita quas pariatur et molestias in corporis totam. In dolores atque dolor perspiciatis et ipsa et. Natus corporis eveniet illum. Pariatur reiciendis aliquam inventore similique exercitationem.', 'Autem voluptatibus exercitationem porro consequatur veritatis blanditiis in. Ratione repellendus aspernatur sunt aut perferendis officia accusantium. Quidem occaecati non et fugit ipsam sint. Et natus sit iure commodi eos. Iure porro dolor doloremque ut. In numquam debitis cupiditate distinctio consequatur laudantium et. Dolor tenetur consequatur praesentium eum voluptas autem.', 'DRAFT', 'https://lorempixel.com/1200/400/?78324', '2018-03-30 20:50:00', '2018-03-30 20:50:00'),
(171, 11, 2, 'Sequi et sit hic deserunt.', 'sequi-et-sit-hic-deserunt', 'Quod velit voluptatum quia in nobis suscipit cupiditate. Est alias alias neque aliquam. Occaecati ab sit quae eveniet.', 'Modi fuga cum itaque aut sit voluptas. Vero qui assumenda velit harum sint illum quam iure. Praesentium omnis quia sed et aut fugit. Quia et doloremque ipsa numquam. Pariatur fuga et voluptatibus. Animi sed illo accusantium aliquid molestias. Ut rerum perspiciatis aut qui quia voluptatem. Quia veniam molestias eos temporibus. Qui molestiae incidunt atque perspiciatis expedita pariatur sit. Facilis autem at voluptas voluptas. Quibusdam dolorum sunt reiciendis nihil labore odit consequatur.', 'PUBLISHED', 'https://lorempixel.com/1200/400/?60202', '2018-03-30 20:50:00', '2018-03-30 20:50:00'),
(172, 20, 8, 'Optio natus reprehenderit unde dicta.', 'optio-natus-reprehenderit-unde-dicta', 'Enim debitis soluta quibusdam aut. Dolores eos accusantium aut modi quo quae. Ipsam iste libero occaecati consequuntur adipisci veniam possimus consequuntur.', 'Reprehenderit in magni sed voluptatum delectus totam. Aut quibusdam neque velit sed natus. Ipsa voluptate reprehenderit id ut magni. Voluptatem optio rerum vero et necessitatibus voluptatum in nostrum. Voluptas nihil dolores nihil id. Alias nihil ratione sapiente aut consequuntur voluptatem dolor. Autem sed eum dolorem iure et illum accusantium. Alias aut maxime hic. Occaecati sint et occaecati optio. Pariatur quo sunt officia recusandae eaque. Et cupiditate quia vitae quia.', 'PUBLISHED', 'https://lorempixel.com/1200/400/?76984', '2018-03-30 20:50:00', '2018-03-30 20:50:00'),
(173, 18, 3, 'Corrupti eligendi alias labore et provident.', 'corrupti-eligendi-alias-labore-et-provident', 'Aut dolorum repellat repellat nihil. Fugiat quas quo eveniet ducimus aliquam voluptatem aut.', 'Rerum dolore aut possimus iste. Atque in voluptatum repellat atque corporis voluptatem soluta. Dignissimos est consequatur provident dignissimos voluptas pariatur sint suscipit. Et et quod atque quam. Repellendus pariatur est id. Qui voluptas nam eligendi corporis impedit. Voluptatem nisi tempora et aut. Porro est dignissimos nisi impedit.', 'DRAFT', 'https://lorempixel.com/1200/400/?76586', '2018-03-30 20:50:00', '2018-03-30 20:50:00'),
(174, 23, 14, 'Sit adipisci non temporibus eligendi.', 'sit-adipisci-non-temporibus-eligendi', 'Quia consequatur itaque voluptatem eos ducimus eos. Ea eos dolores pariatur debitis. Voluptatem omnis dolorum hic est dolorum cum. Inventore perferendis eos deserunt quia quibusdam blanditiis quia.', 'Nihil ut aut delectus qui. Perferendis ad provident illo et animi. Recusandae commodi repudiandae expedita optio officiis odit id. Et aut architecto impedit ut in pariatur nulla rerum. Qui omnis sunt tempora inventore molestias. Qui vel quas dolor ea occaecati. Quis cupiditate qui quasi rerum recusandae voluptatem. Nisi ut neque reprehenderit aut. Voluptates nobis amet deserunt sed et et. Sint tempora amet animi nihil quae assumenda. Sunt laudantium quod quam dolorum.', 'DRAFT', 'https://lorempixel.com/1200/400/?55280', '2018-03-30 20:50:00', '2018-03-30 20:50:00'),
(175, 4, 7, 'Dolor quod qui.', 'dolor-quod-qui', 'A officia eos illo possimus iste dignissimos aut. Velit et assumenda consequuntur similique. Rerum soluta nisi fuga. Ab odit laborum non.', 'Adipisci ipsum sed dolores optio ipsam cumque. Libero ut eligendi mollitia rerum voluptas eum. Temporibus rem ut ea doloremque fuga iste velit. Laudantium animi aspernatur veritatis sunt illo est. Aperiam voluptate aut fugiat commodi quasi aut quia. Et sed quasi ipsum tempore autem. Animi animi repudiandae quasi velit ipsa. Omnis veritatis magnam id consectetur qui nisi.', 'PUBLISHED', 'https://lorempixel.com/1200/400/?59047', '2018-03-30 20:50:00', '2018-03-30 20:50:00'),
(176, 3, 16, 'Quod illum magnam saepe cupiditate.', 'quod-illum-magnam-saepe-cupiditate', 'Non nulla explicabo esse quis nulla tempora saepe. Consequatur doloribus illum nobis distinctio amet culpa.', 'Voluptatem occaecati aliquam esse delectus atque cumque. Quia occaecati nobis officia nihil quas eligendi. Voluptatem laboriosam rerum minus unde. Omnis voluptatem aut doloribus consequatur autem ipsa voluptate. Vel impedit facere qui rem. Sed quia voluptas modi doloremque est dolor consequuntur. Quo eveniet laboriosam in nesciunt sunt accusamus veniam.', 'DRAFT', 'https://lorempixel.com/1200/400/?87533', '2018-03-30 20:50:00', '2018-03-30 20:50:00'),
(177, 14, 14, 'Et recusandae dolorem laboriosam dolor.', 'et-recusandae-dolorem-laboriosam-dolor', 'Animi dolor architecto animi quia. Facilis qui laboriosam omnis et impedit et odit. Eum et qui vel dolor iste. Nemo deleniti occaecati architecto est.', 'Inventore at qui consequuntur aut qui. Velit quia aliquam sunt saepe magnam quia. Et sint adipisci recusandae. Facilis voluptatem fuga veniam earum est voluptate. Rerum aut doloribus ut maxime et et. Sed dolor quo praesentium autem aut. Nisi dolorem magni maxime similique distinctio aperiam. Voluptatem cum accusamus repellendus quam.', 'DRAFT', 'https://lorempixel.com/1200/400/?68466', '2018-03-30 20:50:00', '2018-03-30 20:50:00'),
(178, 16, 16, 'Nihil id itaque ea.', 'nihil-id-itaque-ea', 'Voluptates et error suscipit similique ipsam sit. Non totam necessitatibus dicta culpa numquam iste. Est aut autem voluptatem non.', 'Minima dignissimos quis consequatur animi dignissimos sunt animi alias. Vero vel animi excepturi enim sunt qui repudiandae dolores. Fugiat temporibus qui cum consequatur id reiciendis. Necessitatibus quas facere ex quaerat. Delectus facere sed molestiae et qui. Aperiam facere numquam alias illo et facere. Id natus praesentium ipsa non eaque. Ipsa voluptatem velit a ex saepe ex. Sunt ex adipisci incidunt porro. Molestiae fuga repudiandae eos sed nemo nobis eum.', 'DRAFT', 'https://lorempixel.com/1200/400/?10304', '2018-03-30 20:50:00', '2018-03-30 20:50:00'),
(179, 17, 16, 'Velit ipsam est eius.', 'velit-ipsam-est-eius', 'Quia ea tempora magni voluptates possimus velit adipisci. Enim ut laborum enim nihil aut. Aut id qui ducimus nobis voluptatem accusantium.', 'Placeat quaerat tenetur atque nam. In qui eum repellat nihil voluptatem non. Placeat ipsam nulla id eum est. Odit rerum quaerat cupiditate qui laudantium. Dolorum fuga consequatur quia aut architecto error. Reprehenderit voluptas alias sunt. Ut ab debitis neque porro reprehenderit ut eum odit.', 'PUBLISHED', 'https://lorempixel.com/1200/400/?54953', '2018-03-30 20:50:00', '2018-03-30 20:50:00'),
(180, 16, 1, 'Corrupti nostrum nemo sint.', 'corrupti-nostrum-nemo-sint', 'Autem iste et dolorem mollitia. Quis enim est aut laudantium omnis reiciendis nam. Praesentium sequi mollitia adipisci temporibus rerum quos est.', 'Nemo quis molestiae et et. Sint qui dolorem veniam nemo nulla expedita dolorem. Laborum vitae consequatur molestiae maxime. Labore voluptas quae aut doloremque ducimus. Voluptatibus dolore iste dolorum veniam sequi adipisci ut. Illum porro laborum eum quis aut minus. Saepe autem quia id voluptas. Ut blanditiis cumque veniam maxime officiis. Consequatur hic vero dolorem maiores quae sunt. Doloribus non a nostrum doloribus et quia cum. Voluptate ad aliquid ut minus laborum ut.', 'PUBLISHED', 'https://lorempixel.com/1200/400/?89167', '2018-03-30 20:50:01', '2018-03-30 20:50:01'),
(181, 18, 4, 'Ipsum maxime deleniti autem ab.', 'ipsum-maxime-deleniti-autem-ab', 'Dolores officiis assumenda quia itaque. Explicabo velit porro distinctio amet. Earum corporis debitis excepturi omnis consectetur autem. Architecto laudantium error quos ab.', 'Cum est aut alias eum deserunt assumenda autem. Molestias asperiores delectus deserunt omnis facere. Quo et eaque optio aut tempora ut omnis. Harum est ut eligendi et eos at. Blanditiis sit repellendus nobis laboriosam ut distinctio quae. Aut ratione aut reprehenderit debitis molestias nobis. Consectetur ut doloribus sunt ut et voluptatem. Modi nam quis consectetur. Quasi cumque hic quae commodi illo. Quas quo quia molestiae et. Et error veniam vel vel. Enim necessitatibus laborum quis sed eos.', 'DRAFT', 'https://lorempixel.com/1200/400/?53122', '2018-03-30 20:50:01', '2018-03-30 20:50:01'),
(182, 21, 12, 'Corporis quasi est aspernatur non labore.', 'corporis-quasi-est-aspernatur-non-labore', 'Est rerum suscipit impedit velit fugiat beatae. Adipisci omnis possimus maiores nihil. Maxime a cumque molestiae est et et quaerat.', 'Accusantium illum ipsam excepturi rerum. Dolor autem tempora qui repellendus quisquam. Unde nisi quo ut ut ut debitis qui. Exercitationem impedit facilis aperiam nobis aspernatur pariatur quibusdam. Rerum nemo vel repellat quibusdam. Blanditiis culpa sed praesentium maxime rerum. Fuga et necessitatibus recusandae dolor. Quo alias incidunt sed ut.', 'PUBLISHED', 'https://lorempixel.com/1200/400/?54595', '2018-03-30 20:50:01', '2018-03-30 20:50:01'),
(183, 10, 13, 'Velit reprehenderit quia quia deserunt.', 'velit-reprehenderit-quia-quia-deserunt', 'Reiciendis eligendi et blanditiis repellendus ipsa veniam. Veniam veniam voluptatem dolorem sed. Quos nisi cumque sint nihil. Esse sed sit in iure.', 'Est veritatis sed alias accusamus. Consequatur dolores animi dolores consequuntur laborum omnis aut. Maxime odio dolorum et harum omnis praesentium laborum. Quod ratione incidunt rem est deserunt aut. Officia aperiam quis ad ut. Debitis voluptatum est molestiae sed voluptatum corrupti dicta quis. Fugit nobis minima sint. Quo delectus qui excepturi optio ea exercitationem. Recusandae repellendus sint possimus autem.', 'DRAFT', 'https://lorempixel.com/1200/400/?31346', '2018-03-30 20:50:01', '2018-03-30 20:50:01'),
(184, 19, 2, 'Nemo quibusdam a et itaque.', 'nemo-quibusdam-a-et-itaque', 'Enim quia aut saepe sit. Explicabo quis maxime in ullam sit. Eum aut alias ea non similique aspernatur expedita provident.', 'Natus quis iste possimus dolores natus earum magni. Tempora harum incidunt accusamus et quia consequatur quia. Maiores aut sint ut illum. Aliquid sunt illum numquam consequatur non veritatis. Ea qui quo ut molestias. Quidem voluptas aut eius unde itaque. Nostrum autem in distinctio blanditiis. Ab qui vero deleniti qui id quae officia. Et alias et aut perferendis tempora et. Reiciendis enim repellendus corporis neque. Iure atque eos hic ea.', 'PUBLISHED', 'https://lorempixel.com/1200/400/?57360', '2018-03-30 20:50:01', '2018-03-30 20:50:01'),
(185, 17, 1, 'Accusamus nulla ea quam voluptatem.', 'accusamus-nulla-ea-quam-voluptatem', 'Eum fugiat mollitia odio commodi corrupti est et. Voluptas quasi cupiditate doloribus eos voluptatibus ea. Atque esse et illo mollitia magnam id. Sit ullam facere cupiditate dolorum et fugit.', 'Cum commodi ex asperiores dolorem. Nisi est et ducimus. Aperiam et eaque amet cum. Sit non sequi et eos sit voluptas voluptatibus ut. Illo similique omnis sint explicabo qui iusto nemo voluptas. Dolores sint animi odio veniam enim consequuntur doloribus nostrum. At rerum eum tempora quidem. Possimus reiciendis incidunt soluta. Dignissimos sed itaque pariatur fugit recusandae. Quo at minima unde ut iste. Incidunt sunt sapiente voluptas.', 'DRAFT', 'https://lorempixel.com/1200/400/?38280', '2018-03-30 20:50:01', '2018-03-30 20:50:01'),
(186, 24, 4, 'Neque dolor omnis ea.', 'neque-dolor-omnis-ea', 'Quo et quae quidem sed aut adipisci. Perspiciatis est veniam voluptas ut quam omnis magnam. Deleniti sit molestias autem natus ut velit officiis sequi. Quia et placeat saepe voluptatum.', 'Eum dolor voluptas aliquam natus quisquam. Quibusdam quis reprehenderit id sed voluptatem est. Dolorum veritatis voluptate quidem ipsum accusamus deleniti. Et velit sit nulla laudantium animi vel. Voluptas provident minus nostrum quia ipsum. Tempora quia dignissimos perspiciatis doloribus qui aperiam corrupti maiores. Provident hic rerum expedita amet. Facere doloremque sed eos odio quidem ratione maiores impedit.', 'PUBLISHED', 'https://lorempixel.com/1200/400/?92915', '2018-03-30 20:50:01', '2018-03-30 20:50:01'),
(187, 19, 15, 'Optio vitae corrupti beatae in.', 'optio-vitae-corrupti-beatae-in', 'Rem labore quam cumque perspiciatis veritatis amet. Voluptas earum quo cum maiores exercitationem labore.', 'Natus saepe accusamus dolore omnis. Nostrum doloremque perspiciatis numquam delectus aliquid maiores. Modi adipisci optio maiores quo laborum voluptatum quia. Aperiam ut quo dicta id. Ut et dolorum consequatur perferendis dolore. Repellat aut quibusdam earum temporibus reiciendis ut. Sint est ipsum sunt necessitatibus rem iusto. Qui quia voluptatem dolorem sit hic eveniet. Eaque quam minima id vel eum.', 'DRAFT', 'https://lorempixel.com/1200/400/?31414', '2018-03-30 20:50:01', '2018-03-30 20:50:01'),
(188, 4, 14, 'Qui blanditiis quos.', 'qui-blanditiis-quos', 'Facilis fuga qui perspiciatis id autem quo vel soluta. Molestiae quos aspernatur voluptatem aut omnis ut officiis omnis. Repellendus earum non nesciunt et.', 'Occaecati minus molestiae doloremque molestiae quasi ut. Voluptatem et corporis aliquam rerum officia inventore et. Maiores et recusandae dolor non distinctio. Cum non optio est enim labore et ea. Molestiae rerum officia at pariatur in nemo odio. Quis reiciendis cupiditate omnis. Nesciunt sunt asperiores animi illo necessitatibus porro perspiciatis quo. Non similique omnis ullam non tempore officia. Vel et saepe et et debitis aut.', 'DRAFT', 'https://lorempixel.com/1200/400/?84266', '2018-03-30 20:50:01', '2018-03-30 20:50:01'),
(189, 17, 5, 'Beatae quaerat quia eaque iusto.', 'beatae-quaerat-quia-eaque-iusto', 'Accusamus possimus quo quis sit sed molestias. Velit provident et aut ullam illo sint ipsa ipsa. Explicabo dolores esse aut consectetur qui rerum.', 'Minima voluptas molestiae voluptas explicabo dicta alias. Tenetur quo temporibus numquam assumenda rerum nihil. Nihil quia consectetur dolorum consequatur. Non enim voluptas et aliquam expedita vel facilis. Qui a ullam dolorum saepe tenetur et. Id ut totam est sunt est labore culpa. Ut quis quas velit occaecati. Est perspiciatis at labore esse laborum quo dolorum. Eum harum doloribus vitae asperiores.', 'PUBLISHED', 'https://lorempixel.com/1200/400/?19258', '2018-03-30 20:50:01', '2018-03-30 20:50:01'),
(190, 10, 12, 'Reiciendis quod non.', 'reiciendis-quod-non', 'Distinctio quos necessitatibus eius aut sed distinctio. Ipsa minus placeat temporibus est modi delectus.', 'Mollitia quam ut eos dolorum non nesciunt animi quia. Sed ut consequatur enim nobis veniam. Autem molestiae voluptatem labore consectetur maiores autem eum fugit. Maiores eaque quia sint enim. Et in aut possimus rerum in. Cumque pariatur iste qui libero libero dolore. Voluptas nesciunt dolorum dolorem nam. Fugit maxime tempora natus. Id fugiat qui laboriosam dolores perferendis. Velit laborum odit qui laboriosam nihil aut odio possimus.', 'PUBLISHED', 'https://lorempixel.com/1200/400/?15137', '2018-03-30 20:50:01', '2018-03-30 20:50:01'),
(191, 5, 10, 'Excepturi doloribus iure.', 'excepturi-doloribus-iure', 'Adipisci qui et rerum. Eligendi eos officia eaque cupiditate quis dolore. Expedita assumenda provident id aperiam voluptatem eos. Rerum est voluptate numquam maiores.', 'Voluptas neque ipsam dolores beatae iste. Rem eius suscipit ad placeat laudantium ut. Praesentium ratione labore omnis a itaque. Id sunt sequi ipsum sit incidunt soluta ea. Sunt deserunt necessitatibus optio blanditiis. Ab voluptate a nisi excepturi. Amet aperiam repellendus necessitatibus in tempora quia sed. Necessitatibus occaecati atque officia omnis exercitationem.', 'PUBLISHED', 'https://lorempixel.com/1200/400/?11868', '2018-03-30 20:50:01', '2018-03-30 20:50:01'),
(192, 14, 4, 'Et error dicta.', 'et-error-dicta', 'Officiis quia debitis temporibus necessitatibus. Suscipit dolore nihil aliquam perspiciatis vitae. Voluptatem totam iure quia ut. Sit aspernatur aspernatur esse quasi vero.', 'Labore cum quod repellat itaque debitis. Quibusdam sapiente soluta adipisci veniam magni recusandae rerum consequatur. Ea voluptatem est earum qui veniam deleniti. Inventore odio nostrum aut. Autem ut magni dolorem laboriosam. Et vero accusamus ut maiores rerum totam et sint. Numquam quisquam aut rerum ullam velit fuga. Autem sed optio ipsam et placeat atque corrupti. Deserunt sit et magnam non fuga expedita laboriosam qui.', 'DRAFT', 'https://lorempixel.com/1200/400/?58084', '2018-03-30 20:50:01', '2018-03-30 20:50:01'),
(193, 16, 4, 'Molestiae dolore nemo dolore.', 'molestiae-dolore-nemo-dolore', 'Et blanditiis reprehenderit ipsum modi tempore ut aperiam voluptas. Temporibus a illo illo quod harum. Est magni blanditiis eum blanditiis sed tenetur sed. Sed et et atque fugit explicabo quia.', 'Itaque asperiores consequuntur iusto at distinctio et. Vel illo aut nihil nulla voluptatem beatae praesentium. Est nemo perspiciatis ipsam dolor minus et alias. Nihil perferendis ipsum non fuga eum. Dolor rerum officia aut ipsam iste blanditiis eveniet illum. Voluptatem deserunt modi rerum et. Provident enim labore inventore eveniet aliquid velit. Est eum aut aut dicta sint. Expedita eius fugiat perspiciatis ipsam nulla eum dolor.', 'DRAFT', 'https://lorempixel.com/1200/400/?78497', '2018-03-30 20:50:01', '2018-03-30 20:50:01'),
(194, 2, 17, 'Natus recusandae placeat aspernatur.', 'natus-recusandae-placeat-aspernatur', 'Ut veniam qui unde praesentium aperiam architecto laboriosam. Velit delectus quisquam neque ducimus voluptatem voluptatibus. Dolores facilis quo repellat et.', 'Dignissimos quisquam distinctio consectetur sint id voluptates. Cupiditate unde consequatur repellat reprehenderit ducimus. Magni qui non cum sed omnis sed. Adipisci pariatur et placeat qui aut voluptatem ducimus. Similique voluptas eaque facere repellat eius corporis. Vel blanditiis aut ducimus rerum doloribus modi quia totam. Quia ut quo et exercitationem animi dicta odio quas.', 'DRAFT', 'https://lorempixel.com/1200/400/?20062', '2018-03-30 20:50:02', '2018-03-30 20:50:02'),
(195, 16, 15, 'Itaque quia consequatur placeat.', 'itaque-quia-consequatur-placeat', 'Voluptatibus alias distinctio vel qui. Aliquid consequatur voluptatum ipsam aut nihil. Voluptates doloremque illo rerum ullam ab sint aliquam. Fugiat et et nobis et non aut.', 'At nulla sapiente vel architecto et soluta laudantium fugit. Enim labore officia et est fugiat. Tempore blanditiis officiis est distinctio. Quam dolores ratione aut similique rerum corporis occaecati. Delectus perspiciatis dolorem dignissimos suscipit et quasi esse qui. Quam sed soluta voluptas quo eum quas velit. Est rem ex unde sapiente enim.', 'DRAFT', 'https://lorempixel.com/1200/400/?26715', '2018-03-30 20:50:02', '2018-03-30 20:50:02'),
(196, 2, 11, 'Incidunt quidem ut est provident nam.', 'incidunt-quidem-ut-est-provident-nam', 'Et error vitae quia ad aut id. Eos velit enim repellat consequatur. Cum odio quo dicta. Quisquam voluptas repellendus at ab ut accusantium.', 'Omnis error earum quaerat nesciunt. Voluptatibus excepturi commodi id. Consequuntur dicta voluptatibus inventore sint nihil. Commodi quis ad sit error facere saepe eligendi. Id illo enim qui voluptatem qui quaerat. Quia et dolorem labore et quas ut voluptate. Quam quidem fuga illo eum dolores debitis. Quas fuga eaque non est et labore. Cumque explicabo saepe eligendi. Ducimus et quis qui sit aut voluptas.', 'DRAFT', 'https://lorempixel.com/1200/400/?28216', '2018-03-30 20:50:02', '2018-03-30 20:50:02'),
(197, 23, 8, 'Vel dolores et sapiente dolorem ab.', 'vel-dolores-et-sapiente-dolorem-ab', 'Dolor excepturi ex animi. Velit temporibus est provident. Molestias ullam dicta aut distinctio.', 'Quod consequatur ex delectus dolorem. Commodi ad velit corrupti nihil. Architecto incidunt quis at. Cupiditate saepe sit iusto sapiente voluptatum et. Est velit aliquam repellendus est dolor ipsa. Quasi deserunt perferendis est molestias. Recusandae excepturi pariatur asperiores adipisci ut. Dolorem repellendus voluptatem voluptate et.', 'DRAFT', 'https://lorempixel.com/1200/400/?90229', '2018-03-30 20:50:02', '2018-03-30 20:50:02'),
(198, 7, 5, 'Asperiores architecto nisi nihil ducimus possimus.', 'asperiores-architecto-nisi-nihil-ducimus-possimus', 'Et non ut ut sunt ut dolores. Ipsa officia omnis reiciendis occaecati aperiam tempore. Magnam non deserunt sit necessitatibus occaecati voluptatem. Quibusdam accusamus sit et totam ipsum.', 'Qui ullam molestiae sapiente. Ratione delectus aut tempora aut. Rerum illum sunt et fugiat non suscipit et neque. Sed aliquam impedit rerum rem sed aliquam. Quos ad doloremque tempore reprehenderit enim. Quidem doloremque quo praesentium et. Qui et quia itaque exercitationem odit. Et et voluptatem quos rerum culpa unde. Est eos nihil sint dolores.', 'DRAFT', 'https://lorempixel.com/1200/400/?23855', '2018-03-30 20:50:02', '2018-03-30 20:50:02'),
(199, 7, 19, 'Officia corporis delectus ex molestias.', 'officia-corporis-delectus-ex-molestias', 'Adipisci sed ea nisi veniam ipsum. Recusandae illo deserunt voluptatem qui voluptatem. Sint nihil dolores ut sint praesentium sapiente. Et nihil sint iusto est ducimus ad.', 'Et eos ullam quaerat. Suscipit nam cumque ex id non voluptatem cum. Sequi placeat molestiae qui ipsa minima vel eum. Voluptates ratione architecto sint similique dolorem quia odio. Neque unde nostrum voluptatem modi minus earum. Soluta rerum corrupti suscipit facere explicabo rem ipsum. Quam laborum voluptatibus non laborum sed minus explicabo. Eius deleniti non sed dolores fugit praesentium eaque.', 'DRAFT', 'https://lorempixel.com/1200/400/?75578', '2018-03-30 20:50:02', '2018-03-30 20:50:02'),
(200, 13, 14, 'Deserunt minima ea quaerat.', 'deserunt-minima-ea-quaerat', 'Eaque ut odio aut. Ducimus consequatur nam dicta natus.', 'Sed dolores possimus ut accusamus. Error veritatis qui sint reiciendis. Et aspernatur omnis aut pariatur dolorum eaque. Ut earum possimus corrupti quam libero. Et ad reprehenderit aut explicabo sint. Sint libero autem est. Vel at sequi occaecati id perspiciatis nam itaque. Aut sit voluptatem corrupti magnam qui et. Quis itaque ea nobis magnam molestiae quia rerum. Ea at repellendus voluptatibus iure dolorem in amet earum. Blanditiis laboriosam vero et ab cum ad.', 'PUBLISHED', 'https://lorempixel.com/1200/400/?55518', '2018-03-30 20:50:02', '2018-03-30 20:50:02'),
(201, 7, 3, 'Et ullam est temporibus eligendi.', 'et-ullam-est-temporibus-eligendi', 'Possimus vero laborum nulla mollitia quo. Voluptate veritatis debitis a eligendi neque repellat. Ut optio porro doloremque animi aut autem. Accusamus necessitatibus dolor quo velit aut rerum.', 'Similique non nemo quaerat amet. Autem alias vel aliquid et. Quia labore accusamus autem sunt. Odio molestias dolores eum natus quod. Incidunt saepe aut vitae est laborum et consectetur nihil. Laborum numquam et incidunt explicabo provident suscipit rerum. Autem eveniet enim impedit. Debitis necessitatibus amet eum eum sed. Minus enim placeat iusto porro debitis. Nobis porro soluta laborum sapiente placeat autem. In ut ullam non.', 'PUBLISHED', 'https://lorempixel.com/1200/400/?82629', '2018-03-30 20:50:02', '2018-03-30 20:50:02'),
(202, 15, 2, 'Libero ad hic minima doloremque officia.', 'libero-ad-hic-minima-doloremque-officia', 'Natus consequuntur omnis quisquam. Voluptas ipsam quia ducimus. Iure quam sed veniam ut qui sint qui. Facilis ex nihil facilis atque veritatis.', 'Provident deserunt eos accusantium dolorem dolor sed. Rerum illum asperiores expedita ea cupiditate officiis. Veritatis ipsa eius aut numquam nostrum. Dicta eos laudantium quas esse quisquam quibusdam. Aut id corrupti eius a. Distinctio omnis vel cum cumque ex velit. Nobis sint perferendis error. Voluptas non animi est nemo animi quam. Eum id est minima tempore consequuntur placeat.', 'DRAFT', 'https://lorempixel.com/1200/400/?59569', '2018-03-30 20:50:02', '2018-03-30 20:50:02'),
(203, 1, 13, 'Sit at assumenda in quibusdam.', 'sit-at-assumenda-in-quibusdam', 'Vel repellat voluptatum quis natus quae facere sed. Est aut autem ex esse et nesciunt qui earum. Repudiandae molestiae vitae maxime dolores dolorum est dolores.', 'Ea dicta et et harum. Quas est occaecati voluptatem. Aut harum commodi aut itaque ut consequuntur. Sed sunt vel molestiae adipisci. Laudantium aspernatur nesciunt rerum. Aut esse impedit harum facilis incidunt fugiat dolore. Laboriosam natus explicabo ducimus voluptatem molestias quam quibusdam quasi. Reiciendis expedita aperiam id vel. Cum et enim aut ut qui sed. Voluptatibus cumque suscipit eum perspiciatis at.', 'PUBLISHED', 'https://lorempixel.com/1200/400/?14010', '2018-03-30 20:50:02', '2018-03-30 20:50:02'),
(204, 20, 18, 'Qui omnis non nisi.', 'qui-omnis-non-nisi', 'Aspernatur in fuga rerum excepturi omnis doloremque provident. Repellat esse enim fugit modi porro distinctio optio ab. Beatae quia odit minima expedita consequatur animi.', 'Dolores velit veniam et cumque eum. Aspernatur illum dolore voluptas accusamus nesciunt quis impedit. Quo qui omnis et consectetur et dolor aut minus. Autem excepturi et est aut. At tenetur aliquid et perferendis autem. Inventore quia sint voluptatem architecto. Fugiat magnam eos ut. Ipsa ullam aliquid consequuntur ad animi. At non excepturi quibusdam molestiae. At ut esse dolores. Alias consequatur quis voluptas odit saepe et accusantium dolor. Est tenetur eum vel facilis et ipsa.', 'PUBLISHED', 'https://lorempixel.com/1200/400/?91101', '2018-03-30 20:50:02', '2018-03-30 20:50:02'),
(205, 14, 1, 'Aut doloremque cupiditate rem.', 'aut-doloremque-cupiditate-rem', 'Quas placeat similique rerum sed quisquam. Itaque necessitatibus aliquid alias ut. Ab et eum est est.', 'Est recusandae laboriosam dolorem possimus et. Quia eveniet est est soluta sint. Ut expedita accusamus nisi ullam quia. Tempore animi et ut asperiores. Sit optio ducimus quia. Ea blanditiis ut hic quasi similique aut. Hic et reprehenderit quos omnis debitis illum at. Non quia corrupti commodi expedita. Qui qui qui beatae officia.', 'PUBLISHED', 'https://lorempixel.com/1200/400/?21666', '2018-03-30 20:50:03', '2018-03-30 20:50:03'),
(206, 10, 6, 'Iste quisquam sed vel eos.', 'iste-quisquam-sed-vel-eos', 'Animi animi itaque omnis eligendi atque cum animi. Quia quas velit quos voluptatem cupiditate et. Neque rerum molestiae molestiae incidunt consectetur inventore necessitatibus.', 'Necessitatibus sed reprehenderit quod veritatis quo voluptas ipsum doloribus. Et dolorum non voluptate sit id qui cumque. Mollitia nisi ut blanditiis. Sequi numquam rerum dolores aut ipsa ea. Debitis rerum ab animi et neque. Perferendis dolorum porro dicta voluptatem. Excepturi impedit vel neque tempora nobis ducimus. Natus dolorem ullam qui non quia. Beatae eos hic quo ducimus pariatur. Voluptatum voluptatem aut sunt ullam qui perspiciatis.', 'DRAFT', 'https://lorempixel.com/1200/400/?82354', '2018-03-30 20:50:03', '2018-03-30 20:50:03');
INSERT INTO `posts` (`id`, `user_id`, `category_id`, `name`, `slug`, `excerpt`, `body`, `status`, `file`, `created_at`, `updated_at`) VALUES
(207, 21, 8, 'Animi temporibus occaecati quos est et.', 'animi-temporibus-occaecati-quos-est-et', 'Quia nam illo qui laboriosam. Itaque unde tenetur quisquam aperiam. Voluptas consequatur corporis similique blanditiis quis laboriosam. Quas dolores et numquam et aspernatur.', 'Eos similique dolore beatae reprehenderit corrupti. Molestias qui id asperiores saepe. Voluptatem maiores assumenda est ut amet. Sed sequi amet perspiciatis quo perspiciatis ut sed. Mollitia quia non autem cumque consectetur. Nulla iste aliquid quaerat quis fuga quis labore. Expedita minima dolore quisquam esse. Quisquam nisi sed et qui pariatur. Possimus enim eveniet in iste. Vel numquam repellat beatae voluptates aut. Fugiat voluptatem quisquam consectetur ullam et autem est iusto.', 'DRAFT', 'https://lorempixel.com/1200/400/?63423', '2018-03-30 20:50:03', '2018-03-30 20:50:03'),
(208, 6, 19, 'Quia ullam est.', 'quia-ullam-est', 'Repellat omnis illum ut atque et dolore. Ex ut magni delectus est modi sed sed. Quis natus voluptatem animi deserunt.', 'Est est inventore sit quos aut omnis ullam. Itaque ut tempora voluptatem unde minima. Ipsa atque ex qui doloremque tenetur error adipisci. Autem id sed molestiae qui dignissimos. Sit labore ut quia perspiciatis aut. Delectus enim minima maiores voluptatem. Necessitatibus aspernatur voluptatum dolorem quia sit. Et id harum quos cumque. Non quae vel omnis laborum inventore. Sed sit in rem quia assumenda.', 'DRAFT', 'https://lorempixel.com/1200/400/?68698', '2018-03-30 20:50:03', '2018-03-30 20:50:03'),
(209, 26, 1, 'Ad animi placeat reprehenderit laborum nostrum.', 'ad-animi-placeat-reprehenderit-laborum-nostrum', 'Ab iusto enim voluptatibus ut fuga dolorum eos. Dignissimos eius ducimus sunt qui qui quisquam aliquid commodi. Debitis est non minus fuga. Ad sed omnis deleniti id molestiae iure.', 'Molestias id magnam similique et et quod quisquam. Qui et reprehenderit enim est sit est dignissimos. Totam tempora ratione nemo quod error. Incidunt vero sunt enim nam voluptatem et at. Ut repellat qui quibusdam qui. Tempore assumenda ex et neque eum in nostrum officiis. Hic ab ut animi perspiciatis sapiente. Velit maiores quaerat eos quibusdam et quis et. Quibusdam eum dignissimos voluptatibus dolor reprehenderit non.', 'DRAFT', 'https://lorempixel.com/1200/400/?44284', '2018-03-30 20:50:03', '2018-03-30 20:50:03'),
(210, 23, 2, 'Ea ea ab.', 'ea-ea-ab', 'Illo illum nemo ipsa totam adipisci. Ex rerum sed blanditiis cum vitae qui aut. Voluptatem qui vero tenetur esse.', 'Sint deserunt eveniet doloremque nihil. Non vero sunt dignissimos commodi numquam qui. Vero quia explicabo dolores explicabo adipisci voluptates error. Voluptatum et vero ad distinctio. Id autem quibusdam laboriosam est aliquam. Ullam expedita nobis illo illo. Adipisci placeat nemo asperiores sit corporis. Omnis qui ut sit fuga repudiandae aut qui.', 'DRAFT', 'https://lorempixel.com/1200/400/?91068', '2018-03-30 20:50:03', '2018-03-30 20:50:03'),
(211, 13, 17, 'Asperiores et in facilis ipsam.', 'asperiores-et-in-facilis-ipsam', 'Est consectetur ea id vitae optio dolorem excepturi. Vel voluptatem aspernatur omnis voluptas earum aspernatur. Quae in velit sint occaecati. Quia ipsa rerum veritatis molestiae.', 'Excepturi possimus doloremque a consequuntur. Ut et cumque magni provident voluptatem. Minus aliquid voluptatem in explicabo accusamus quis incidunt. Qui aut nulla qui quia. Et eos laboriosam omnis laudantium. Odit et aperiam earum quo qui. Rem temporibus culpa et ipsum. In error dolorum ratione perspiciatis. Aliquam non veritatis inventore laudantium ad commodi dicta. Repudiandae facere nam sint porro.', 'DRAFT', 'https://lorempixel.com/1200/400/?55356', '2018-03-30 20:50:03', '2018-03-30 20:50:03'),
(212, 25, 13, 'Ipsa iure aut dignissimos.', 'ipsa-iure-aut-dignissimos', 'Et vitae et magni praesentium. Maxime velit et recusandae consequatur. Dolores provident dolor aliquam est eius omnis. Aliquid nostrum unde et illo.', 'Aliquam velit ut sed. Voluptatem libero est dolorum veritatis reiciendis. Ab impedit illum quae ex eaque. Fugiat repellendus repellat id iure vel. Quibusdam corrupti quia possimus nemo cupiditate expedita. Explicabo harum est voluptas id quisquam et vitae. Nesciunt facere modi qui culpa. Est rerum sequi tempora molestiae. Earum ullam quasi in vitae explicabo voluptatem. Aut qui veritatis voluptas. Et commodi fugiat aut et. Id sed mollitia non quas architecto.', 'DRAFT', 'https://lorempixel.com/1200/400/?11048', '2018-03-30 20:50:03', '2018-03-30 20:50:03'),
(213, 24, 13, 'Et aut facere neque.', 'et-aut-facere-neque', 'Voluptate qui explicabo aliquam ut temporibus et. Soluta natus omnis ut autem accusantium odit. Veniam quos ipsam optio nam. Et occaecati blanditiis ducimus excepturi cupiditate officiis.', 'Dolores eius at tempora impedit ad rem. In magnam velit dignissimos molestias exercitationem quibusdam dolores. Dolores qui repellat dolores rerum nesciunt voluptatem. Aliquam corrupti laborum magnam possimus repudiandae et quibusdam. Dolor est dolor et molestias. Saepe quod aspernatur sunt vel illum architecto. Quae vitae beatae quis iste ipsum. Voluptas rerum dolore ab eveniet consequatur est. Voluptas placeat quia ut est. Necessitatibus perspiciatis deleniti dolores eligendi.', 'PUBLISHED', 'https://lorempixel.com/1200/400/?68355', '2018-03-30 20:50:03', '2018-03-30 20:50:03'),
(214, 7, 6, 'Amet rerum ut corrupti non.', 'amet-rerum-ut-corrupti-non', 'Qui facere reprehenderit culpa. Eius quia veritatis facilis dolores officia. Officia reiciendis est omnis velit.', 'Aliquid quisquam repellendus quo similique. Maiores aut illum ea nihil omnis voluptatem. Quas magnam suscipit praesentium velit et natus vel. Illum veniam quia expedita velit minus quia explicabo. Quas aspernatur quia explicabo. Aut ut laudantium numquam illum dicta. Quisquam quo consequatur sequi cum. Aut magni mollitia non est praesentium ea dolores. Error doloremque sint iste quo libero blanditiis enim. Accusamus eaque autem earum quod nisi.', 'DRAFT', 'https://lorempixel.com/1200/400/?88572', '2018-03-30 20:50:03', '2018-03-30 20:50:03'),
(215, 5, 14, 'Alias et unde possimus delectus.', 'alias-et-unde-possimus-delectus', 'Numquam et modi quae molestias rem architecto. Sit vero dolores error optio qui. Aliquam voluptas temporibus aut aspernatur perferendis aperiam amet maxime.', 'Modi voluptatibus esse asperiores voluptates et sunt cumque sit. Fuga sint aut dolorem impedit. Beatae architecto praesentium rerum suscipit quae et. Officiis iste non quis libero et et. Repudiandae suscipit accusamus voluptate et eos. Earum sed rem similique animi et. Id est eos aut quia. Minima velit explicabo autem suscipit itaque explicabo rerum. Quia quaerat voluptas eos porro vero. Fugit fuga est aut consequatur consectetur voluptates. Velit aliquam est nulla ad natus.', 'DRAFT', 'https://lorempixel.com/1200/400/?34120', '2018-03-30 20:50:03', '2018-03-30 20:50:03'),
(216, 5, 20, 'Dolorem dolor possimus amet.', 'dolorem-dolor-possimus-amet', 'Occaecati eaque sequi et nihil commodi totam ex. Doloremque eos eum vitae. Animi eligendi et deserunt cupiditate dolores sit iste.', 'Minus et accusamus et. Blanditiis possimus qui sequi officia. Explicabo quo accusamus odio ipsa assumenda dolorem rerum. Consequatur atque eligendi nisi amet sunt. Omnis alias mollitia magni perferendis eos vero. A reprehenderit est placeat sunt qui minus unde quae. Accusantium veniam atque iusto praesentium. Et sunt quia qui.', 'PUBLISHED', 'https://lorempixel.com/1200/400/?58522', '2018-03-30 20:50:03', '2018-03-30 20:50:03'),
(217, 14, 10, 'Labore fugiat non consequuntur.', 'labore-fugiat-non-consequuntur', 'Vitae omnis sunt et omnis iure rem. Aperiam eos a numquam itaque. Illum delectus facere sed excepturi.', 'Numquam odio dicta et eaque. Quia sint voluptatem cum eligendi harum nemo. Asperiores esse omnis et et. Qui quibusdam sed natus quia. Neque sit quasi non aspernatur eligendi accusamus aut quaerat. Error est odio recusandae dolorum enim. Ratione iure sequi qui et voluptas occaecati nisi. Culpa minus iste consequatur aut autem veritatis. Aut recusandae repudiandae ex odit. Quasi sit unde possimus dolores fugit dolores aut. Explicabo placeat temporibus dolorem modi id quidem vero.', 'PUBLISHED', 'https://lorempixel.com/1200/400/?29265', '2018-03-30 20:50:03', '2018-03-30 20:50:03'),
(218, 12, 5, 'Iste et unde sapiente sit nihil.', 'iste-et-unde-sapiente-sit-nihil', 'Ullam dolorem ipsa et quaerat dicta officia. Sapiente sint repellendus officiis non. Sit similique sunt et ullam consequatur autem. Ex qui animi sapiente facere omnis cumque quam.', 'Saepe aut adipisci rem aspernatur veritatis sit hic occaecati. Excepturi neque illum vel et veniam. Ab ullam sequi necessitatibus nobis. Sunt dolorum ut adipisci iusto aut ea. Non autem architecto rerum numquam vitae reiciendis. Explicabo quia nisi officiis asperiores. Aut nihil ab adipisci quia temporibus eius. Fugit quod illum in rerum molestiae.', 'PUBLISHED', 'https://lorempixel.com/1200/400/?69866', '2018-03-30 20:50:03', '2018-03-30 20:50:03'),
(219, 3, 9, 'Eum quaerat facere.', 'eum-quaerat-facere', 'Animi voluptatem tempora et asperiores voluptatem id omnis minima. Est rerum laboriosam fuga. Sint ut voluptatem aut ullam non.', 'Consequuntur et ad nesciunt. Soluta sequi sed magnam voluptatibus. Quasi occaecati deserunt reiciendis ut sit. Sed sequi molestias voluptatem corporis sed. Sequi cupiditate ipsum recusandae sit eos. Ipsum voluptas blanditiis eligendi deserunt dolor aut debitis fugit. Dolor amet cum doloribus at quo. Odit amet dolores nihil sit dignissimos labore et. Et dolore facilis quis est omnis saepe sit aut. At rerum non explicabo corrupti voluptatem exercitationem quia illo. Sunt quo quis atque dicta.', 'DRAFT', 'https://lorempixel.com/1200/400/?78327', '2018-03-30 20:50:04', '2018-03-30 20:50:04'),
(220, 20, 16, 'Sint reprehenderit atque aut.', 'sint-reprehenderit-atque-aut', 'Reprehenderit ab velit dolor nobis in. Molestiae voluptatem qui voluptatibus dolorum deleniti adipisci sed.', 'Et consequuntur cumque possimus voluptatem enim. Aut molestiae quibusdam est in asperiores explicabo nihil. Minima alias amet sed cumque et cupiditate recusandae quaerat. Numquam ut omnis neque aliquam. Quis molestias quis ex distinctio. Quia id quo omnis repellendus. Ab architecto voluptas enim dolor. Deserunt beatae rerum perspiciatis maxime aut occaecati in. Eum consequatur aut omnis quia esse. Animi et impedit rerum quos voluptatem. Libero esse deserunt incidunt corporis.', 'DRAFT', 'https://lorempixel.com/1200/400/?91056', '2018-03-30 20:50:04', '2018-03-30 20:50:04'),
(221, 29, 8, 'Voluptas dolore est eligendi dolores.', 'voluptas-dolore-est-eligendi-dolores', 'Sit commodi ut deleniti. Impedit sint quia voluptatem aliquid quasi eligendi eum itaque. Quia praesentium quod error. Consequatur voluptas aut dolores ut voluptas.', 'Unde inventore atque corporis quas. Iste omnis quia hic non alias dolores rerum. Quaerat sit voluptas error eveniet corporis sed. Dolor temporibus assumenda et magni autem quas. Similique voluptates harum non et ut quaerat.', 'DRAFT', 'https://lorempixel.com/1200/400/?77243', '2018-03-30 20:50:04', '2018-03-30 20:50:04'),
(222, 12, 18, 'Culpa laborum illum voluptatibus natus.', 'culpa-laborum-illum-voluptatibus-natus', 'Quia ut ea quidem dolor voluptatem esse accusantium voluptatem. Aliquam quae perspiciatis maiores dolorum. Ratione tempore dolores mollitia culpa adipisci.', 'Eaque facere ducimus ullam repudiandae magnam non eum. Pariatur eius est magnam. Assumenda non fugit dolorum fuga sit. Vel eos dolorem voluptas magni et et. Delectus voluptas consequuntur id harum in reiciendis nostrum excepturi. Eum aut natus dignissimos ut non veritatis voluptatem. Molestiae voluptates velit sapiente. Sit tempore dolores voluptatem sequi quae eius sequi.', 'PUBLISHED', 'https://lorempixel.com/1200/400/?62018', '2018-03-30 20:50:04', '2018-03-30 20:50:04'),
(223, 6, 17, 'Velit qui excepturi voluptates voluptatum rerum.', 'velit-qui-excepturi-voluptates-voluptatum-rerum', 'Ea possimus dicta quasi iure pariatur qui. Tempore odio voluptate iure eum voluptas qui beatae minima. Modi tempore animi ut qui id tempora. Qui aut odit quas.', 'Et consectetur sit eum nostrum perspiciatis. Fugit aliquid ad tenetur molestias expedita doloribus beatae. Doloremque perferendis rerum possimus dolores voluptates quo commodi. Aut labore dolorem voluptatibus similique tenetur optio. Dolor delectus voluptas velit deserunt. Sit culpa illum voluptas quis. Quia in et dolore.', 'PUBLISHED', 'https://lorempixel.com/1200/400/?65927', '2018-03-30 20:50:04', '2018-03-30 20:50:04'),
(224, 7, 20, 'Error magni saepe.', 'error-magni-saepe', 'Cumque sint dolores aspernatur molestiae sed ratione voluptas. Sint quia ut nihil ducimus perferendis. Ut necessitatibus nam quidem totam accusantium alias. Quos et sint voluptas autem error itaque.', 'Quisquam impedit reiciendis explicabo. Ab odit culpa praesentium maxime est. Perspiciatis tenetur aliquid enim ut est non soluta. Sequi eius cum nihil omnis nulla voluptatibus amet. Rerum illo voluptas incidunt recusandae qui distinctio velit. Ab sint voluptate voluptas nobis qui. Sit non dolore voluptatem.', 'DRAFT', 'https://lorempixel.com/1200/400/?57428', '2018-03-30 20:50:04', '2018-03-30 20:50:04'),
(225, 23, 6, 'Dolorem et aut.', 'dolorem-et-aut', 'Doloremque et nemo consequatur eligendi voluptate dolores dolor. Voluptas dolorem quis voluptatem voluptas voluptatem. Eveniet est quam debitis deleniti rem. Qui earum quia ipsa aut ut quos.', 'Praesentium temporibus debitis nostrum ut aut. Iusto natus ad sit voluptatum mollitia eos. Necessitatibus et est adipisci repellat voluptatem et laudantium occaecati. Possimus dolorum aliquid ut et similique. Dolorem hic sint distinctio qui tempora autem consectetur. Inventore assumenda voluptas aut saepe eum et tempora. Sed quos odio non excepturi minus soluta quasi.', 'PUBLISHED', 'https://lorempixel.com/1200/400/?29726', '2018-03-30 20:50:04', '2018-03-30 20:50:04'),
(226, 13, 14, 'Et sunt animi ab.', 'et-sunt-animi-ab', 'Iste voluptatum ut excepturi. Necessitatibus in ut repellendus iusto. Magnam quidem omnis quia voluptas culpa pariatur non. Eos illum ad voluptas consequuntur ut repellendus minus blanditiis.', 'Similique id aperiam itaque sunt quidem ea. Omnis voluptate aut voluptatem qui. Dolorem eius sit et aut. Ea unde in aut autem consectetur. A tempora voluptatem temporibus pariatur sed et. Aut saepe facere quod. Excepturi quis a quia voluptas ducimus in. Veritatis voluptatem quae iusto maiores atque veniam in ea. Iure est repellendus voluptates laborum vero mollitia sapiente. Laudantium aliquid veritatis sit rerum eos alias.', 'DRAFT', 'https://lorempixel.com/1200/400/?85413', '2018-03-30 20:50:04', '2018-03-30 20:50:04'),
(227, 25, 12, 'Vel aut porro occaecati aliquid.', 'vel-aut-porro-occaecati-aliquid', 'Corporis sunt sunt voluptate quis ipsum. Dolor ducimus laudantium quod tenetur perspiciatis. In ut ut error.', 'Expedita illum animi eius magni ipsam soluta. Laudantium nulla minus porro quam. Quas enim labore voluptatem aut quos. Autem modi ut quia deserunt. Ut doloremque quis doloremque consequuntur voluptas aut ad. Quo vel iusto et nihil velit et. Qui quis possimus velit et inventore iste. Quaerat consequatur quo numquam qui et et. Sapiente quaerat incidunt mollitia et. Nisi et fugiat suscipit accusantium nisi. Sint et quas veniam provident quasi error quasi.', 'DRAFT', 'https://lorempixel.com/1200/400/?49571', '2018-03-30 20:50:04', '2018-03-30 20:50:04'),
(228, 12, 9, 'Est ea facilis saepe.', 'est-ea-facilis-saepe', 'Dolores deserunt illum aut omnis vel quae consequatur. Suscipit occaecati nulla id qui natus. A neque officia ab perferendis quam provident est id.', 'Ducimus et mollitia quia odit aspernatur amet recusandae. Repudiandae tenetur excepturi nemo quo. Minima aspernatur cumque inventore qui nihil. Officia unde vitae tempore qui. Accusantium aut perferendis quaerat non provident quia. Rerum quo quae voluptas rerum qui eos. Qui molestiae laboriosam neque nobis quis.', 'DRAFT', 'https://lorempixel.com/1200/400/?11635', '2018-03-30 20:50:04', '2018-03-30 20:50:04'),
(229, 21, 1, 'Veritatis consequuntur cumque voluptatem voluptatem nemo.', 'veritatis-consequuntur-cumque-voluptatem-voluptatem-nemo', 'Non dolorem tempore cumque dolores. Ipsam vero dignissimos aut beatae. Itaque et veniam quo consequuntur. Expedita voluptatibus sint officia.', 'Ut consequatur laborum minima. Vel voluptas cupiditate animi eveniet. Autem et cumque temporibus quis non. Et voluptas voluptatem cumque odit et odio eius. Eum necessitatibus commodi ducimus eum. Aut maiores delectus maxime. Ipsa est molestiae nam sed. Minus voluptates id aut officiis velit omnis amet. Qui recusandae dolor et ab. Reprehenderit et et qui atque. Sed aspernatur asperiores a et et aut voluptatem.', 'PUBLISHED', 'https://lorempixel.com/1200/400/?55797', '2018-03-30 20:50:04', '2018-03-30 20:50:04'),
(230, 20, 2, 'Et eum eaque architecto sunt repellat.', 'et-eum-eaque-architecto-sunt-repellat', 'Saepe corporis ad sed autem laudantium quas. Voluptate laborum rerum nulla. Eius neque fugit quasi consequuntur a.', 'Eligendi sint laborum nesciunt placeat deserunt numquam. Dolorum ab maxime sapiente quam hic est. Cupiditate amet officia et illo. Ratione dolores deleniti soluta. Molestiae impedit ut rerum quibusdam nihil quis sed. Quasi aliquam sed ipsum quia deleniti aliquam. Nulla possimus aut nulla aperiam. Modi adipisci nulla ut. Vel beatae nobis hic minus aut voluptate officia fugiat. Eius vel qui vel eaque assumenda eos velit.', 'PUBLISHED', 'https://lorempixel.com/1200/400/?84091', '2018-03-30 20:50:04', '2018-03-30 20:50:04'),
(231, 2, 9, 'Sed laboriosam autem.', 'sed-laboriosam-autem', 'Delectus aut aliquam et molestiae commodi esse quibusdam blanditiis. Nostrum est porro et quibusdam culpa. Repellendus ducimus vero unde autem facilis ratione.', 'Qui autem ut suscipit enim. Ad explicabo blanditiis culpa atque quidem. Possimus quia est eum corrupti repellat ipsam similique. Sint assumenda accusantium dolorem rerum. Voluptates quisquam iste et quod pariatur eos. Voluptatibus sint quidem minima sint consectetur. Doloribus vel et voluptatem voluptatem est praesentium dolorem. Consequatur culpa illo labore dolorem. Provident perspiciatis nulla nam eveniet. Excepturi assumenda nesciunt placeat error neque repellendus quam.', 'PUBLISHED', 'https://lorempixel.com/1200/400/?78037', '2018-03-30 20:50:04', '2018-03-30 20:50:04'),
(232, 20, 18, 'Iusto consequuntur a qui at eum.', 'iusto-consequuntur-a-qui-at-eum', 'Non molestias vero officia qui perferendis. At excepturi ut dolorum unde enim harum. Laborum voluptas placeat nostrum quibusdam adipisci alias ab.', 'Tempore commodi vel enim incidunt. Tempore et omnis doloribus eos. Id distinctio aspernatur itaque corrupti. Eos est ea aut. Ut dignissimos ipsum beatae et. Quos quas animi voluptatem et incidunt molestiae ratione. Molestias voluptas officia nobis sit. Et aut culpa voluptate corporis maiores. Quae nostrum rem voluptates impedit. Voluptas qui tenetur quisquam accusantium molestiae tenetur sed. Facere molestiae aut saepe harum nobis molestias id et. Odio beatae ut explicabo id temporibus unde et.', 'PUBLISHED', 'https://lorempixel.com/1200/400/?85908', '2018-03-30 20:50:04', '2018-03-30 20:50:04'),
(233, 19, 1, 'Praesentium repellendus praesentium.', 'praesentium-repellendus-praesentium', 'Ut omnis iste debitis eveniet ut tenetur. Officiis aut sed quas odit exercitationem corrupti et. Velit beatae quia omnis ut quia ullam pariatur.', 'Excepturi ducimus reprehenderit unde veniam eligendi. Qui quidem quae eaque in ut fuga. Aut quo esse rerum qui. Omnis est accusantium sequi suscipit. Nulla esse natus aliquid aperiam. Quisquam unde sed voluptatem velit veritatis. Sed nulla illum quia omnis molestiae ipsam. Molestiae fugit deserunt debitis et adipisci fugit deserunt. Quia culpa eaque itaque corrupti qui sed. Consequatur consequatur et mollitia nihil iusto alias. Error deleniti et quia tenetur laudantium.', 'PUBLISHED', 'https://lorempixel.com/1200/400/?59889', '2018-03-30 20:50:04', '2018-03-30 20:50:04'),
(234, 9, 7, 'A assumenda consectetur est aut.', 'a-assumenda-consectetur-est-aut', 'Possimus omnis consectetur adipisci totam at dolorem reprehenderit. Est aut quo qui impedit numquam ratione. Culpa est quasi ducimus et dolor aut animi.', 'Error animi quibusdam amet omnis laborum sed delectus. Cum quaerat laudantium perferendis quibusdam sunt reprehenderit. Voluptatem fuga voluptatibus nemo excepturi ut rerum aut enim. Quo reprehenderit sed porro vel iure nobis. Blanditiis aut aut incidunt voluptatem id id harum. Enim commodi architecto autem. Optio rerum velit iure voluptatem fuga sequi aut. Velit sed odit non est ut magnam.', 'DRAFT', 'https://lorempixel.com/1200/400/?67811', '2018-03-30 20:50:04', '2018-03-30 20:50:04'),
(235, 19, 18, 'Dolore eum numquam autem voluptatem.', 'dolore-eum-numquam-autem-voluptatem', 'Error quis deserunt temporibus in recusandae ut et. Voluptatibus velit veniam et eaque iusto et. Dolorum ea consequuntur et esse quos quasi modi temporibus.', 'Dolor est minima error ipsum et ipsum ut. Vel corporis est quasi magni est aut non. Molestiae nihil est quis facilis facilis ab temporibus. Cumque enim voluptates nostrum veniam corrupti temporibus harum. Et saepe exercitationem minus et beatae. Iste architecto est natus necessitatibus esse et mollitia. At ea incidunt sit quis. Molestiae exercitationem omnis quasi modi.', 'DRAFT', 'https://lorempixel.com/1200/400/?89151', '2018-03-30 20:50:04', '2018-03-30 20:50:04'),
(236, 14, 17, 'Earum aut qui assumenda.', 'earum-aut-qui-assumenda', 'Voluptas quaerat animi aut minus. Velit dignissimos dolore corporis facilis.', 'Sapiente molestias enim eum magnam dolorum eaque magni dolores. Esse qui neque dolores ex id minus. Maiores velit est dolore deserunt. Quibusdam aut fuga quia qui. Quibusdam distinctio sit dolore delectus. Iure provident sint aperiam nemo amet velit voluptatem. Excepturi accusantium voluptas nobis perferendis consequatur non. Dolorem tempora earum alias officia aut adipisci occaecati.', 'PUBLISHED', 'https://lorempixel.com/1200/400/?41322', '2018-03-30 20:50:04', '2018-03-30 20:50:04'),
(237, 13, 17, 'Et alias assumenda odit quo.', 'et-alias-assumenda-odit-quo', 'Et quia ut fugiat asperiores consequuntur optio ut. Aut laborum nihil quia qui. Minus nobis aut architecto et. Labore autem eveniet qui deleniti.', 'Non impedit quos minus culpa. Consectetur eius voluptatem nihil aliquid. Facere qui maiores qui rerum. Architecto quisquam libero amet. Occaecati consequatur sit sed ut necessitatibus et. Aut assumenda quam qui. Neque dolorum ratione hic dolorem eligendi quam aut natus. Qui dignissimos et omnis laudantium dicta voluptates rerum maiores.', 'DRAFT', 'https://lorempixel.com/1200/400/?23115', '2018-03-30 20:50:04', '2018-03-30 20:50:04'),
(238, 3, 4, 'Voluptatem tenetur suscipit expedita dolorem.', 'voluptatem-tenetur-suscipit-expedita-dolorem', 'Aliquid nulla soluta officiis earum non veritatis praesentium sunt. Ut necessitatibus impedit non repellendus. Molestiae eos voluptatibus vitae ad. Facere magnam reiciendis eligendi et.', 'Vitae nam ullam eum mollitia qui molestiae. Voluptas voluptatem omnis odit ratione ea ut id laboriosam. Excepturi est quo a rerum est laboriosam. Magnam autem iure ad qui explicabo saepe vero. Dolor in autem blanditiis et non vitae distinctio recusandae. Nisi placeat quia voluptate est. Sint enim laboriosam magni consectetur. Qui vel unde consequatur velit voluptate sint non. Consequatur est ea non consectetur nobis molestiae quia. Iste minus et eveniet deserunt minus.', 'DRAFT', 'https://lorempixel.com/1200/400/?54308', '2018-03-30 20:50:04', '2018-03-30 20:50:04'),
(239, 28, 9, 'Et earum eos sed dignissimos.', 'et-earum-eos-sed-dignissimos', 'Placeat aliquam dignissimos consequatur modi recusandae. Ut beatae nihil quos. Hic reiciendis quis quis totam velit amet est. Rem cumque est totam.', 'Iste libero vel nostrum culpa consequuntur inventore. Corporis dicta et pariatur aut eum. Ut repellat recusandae eum non. Aut temporibus consequatur doloremque velit et. Maxime harum sunt dolores. Vel sed nostrum et odit et aut provident. Deleniti dignissimos corporis doloribus est magnam sit animi. Omnis sunt quibusdam architecto dignissimos ut similique tempora.', 'DRAFT', 'https://lorempixel.com/1200/400/?16155', '2018-03-30 20:50:05', '2018-03-30 20:50:05'),
(240, 26, 9, 'Quo animi architecto perferendis quod.', 'quo-animi-architecto-perferendis-quod', 'Architecto provident qui praesentium odit. Explicabo numquam debitis iste aut pariatur laboriosam. Cupiditate similique dolor dignissimos aut id aut eveniet.', 'Id architecto itaque voluptas non non. Ut qui aliquid facere. Et ut ea magnam numquam omnis. Commodi numquam porro maiores. Odio mollitia soluta ex excepturi. Incidunt itaque quisquam tempore veritatis exercitationem aliquam autem. Laboriosam id sequi laudantium. Repellendus sunt sint quis asperiores nemo earum. Enim veritatis deserunt nobis.', 'PUBLISHED', 'https://lorempixel.com/1200/400/?19746', '2018-03-30 20:50:05', '2018-03-30 20:50:05'),
(241, 5, 17, 'Eveniet dolorem minus dolore nisi adipisci.', 'eveniet-dolorem-minus-dolore-nisi-adipisci', 'Rerum eos iste placeat similique repudiandae omnis qui. Et aliquam voluptas odit. Saepe et nobis error quae ipsum nobis ea. Nemo adipisci neque iste.', 'Culpa corrupti omnis impedit recusandae quia voluptas. Officiis quae numquam doloribus impedit. Dolores et dolor ex animi a. Vero reprehenderit et omnis nobis recusandae accusamus. Aspernatur et qui quis nihil. Quis a occaecati ut id. Beatae tempore aut numquam aliquam cum qui. Velit ut sed natus rerum culpa quia exercitationem. Fuga voluptas blanditiis est aut. Ea adipisci qui ratione et. Autem possimus accusamus sapiente sunt sapiente architecto.', 'PUBLISHED', 'https://lorempixel.com/1200/400/?93786', '2018-03-30 20:50:05', '2018-03-30 20:50:05'),
(242, 21, 20, 'Repudiandae eum sed.', 'repudiandae-eum-sed', 'Deleniti culpa rerum voluptas quis exercitationem rerum. Excepturi perferendis facilis molestias reprehenderit.', 'Quia qui sit non. Occaecati deserunt ad esse quasi sit. Explicabo repellendus vero ut cupiditate sunt. Aut neque ut nulla accusantium consectetur sint in quia. Consequatur earum hic voluptas rem sequi. Provident natus illo et ipsam recusandae dolorem soluta modi. Rerum ipsam sed est quia qui aut natus. Doloribus ipsam ipsa incidunt nulla est natus repellendus quo. Animi aut debitis libero occaecati.', 'DRAFT', 'https://lorempixel.com/1200/400/?78922', '2018-03-30 20:50:05', '2018-03-30 20:50:05'),
(243, 2, 1, 'Soluta molestias eligendi molestiae placeat.', 'soluta-molestias-eligendi-molestiae-placeat', 'Rerum iure assumenda fugiat rerum dolores. Adipisci molestias exercitationem deserunt accusamus. Recusandae et ut est autem magnam commodi. Tempora vero deleniti deleniti deleniti.', 'Quae ut asperiores molestias enim facilis. Nulla est vel ad possimus voluptatem. Possimus voluptatum explicabo aliquam libero iste. Voluptas recusandae consequuntur id laborum. Impedit quod odit rem aut. Est eum eligendi et quibusdam ipsa explicabo amet. Rerum consequuntur rerum quia vitae nesciunt. Tenetur sunt aperiam corporis consectetur amet.', 'DRAFT', 'https://lorempixel.com/1200/400/?10924', '2018-03-30 20:50:05', '2018-03-30 20:50:05'),
(244, 18, 18, 'Omnis soluta inventore.', 'omnis-soluta-inventore', 'Voluptas sit nam nam iure. Odio voluptatum omnis veniam recusandae ullam. Voluptatibus optio non earum consequatur corrupti.', 'Iure occaecati provident rerum. Ratione est aut aut dolor sed. Sint quisquam enim id debitis. Autem magni modi aperiam tenetur sint. Nihil sint voluptates sed distinctio inventore aperiam ea sapiente. Rerum omnis est vel placeat. Qui nihil odit et. Ullam commodi ut aut voluptatem. Corporis aperiam ipsum eveniet ut voluptatem. Rerum omnis voluptatem sint unde ut vel dolorum. Maxime dicta voluptatem aut quae dolorum saepe.', 'DRAFT', 'https://lorempixel.com/1200/400/?18312', '2018-03-30 20:50:05', '2018-03-30 20:50:05'),
(245, 11, 4, 'Iusto et qui harum eos.', 'iusto-et-qui-harum-eos', 'Omnis consequatur et amet consectetur. Nobis amet fuga occaecati modi dolore non aspernatur. Ut eius corrupti consequatur recusandae ut cumque. Ipsa earum quis et voluptatem tempore.', 'Tempore qui laborum ab quisquam. Consequuntur eos eveniet provident error ipsa qui illum. Tempore corrupti explicabo et porro qui. Voluptas eum laboriosam ducimus non. Ad tenetur vero aut eius asperiores. Laudantium quis vel pariatur occaecati consequatur quisquam. Mollitia quo sequi assumenda eum dicta quasi doloremque praesentium.', 'PUBLISHED', 'https://lorempixel.com/1200/400/?84117', '2018-03-30 20:50:05', '2018-03-30 20:50:05'),
(246, 9, 20, 'In ab molestiae cupiditate.', 'in-ab-molestiae-cupiditate', 'Quos asperiores dolor ut nesciunt. Quisquam consequatur ullam aut in corrupti. Et unde error et non cupiditate id repellat. Impedit saepe qui suscipit ducimus.', 'Saepe quos deleniti vel ab. Quisquam distinctio modi autem dignissimos doloremque. Corrupti unde blanditiis illum accusamus aut in minima unde. Sit est eos eos qui. Quod ad ipsam ratione quo molestias sit est. Non distinctio voluptatem ut. Quis amet ea odit qui quod dolore eos. Ea atque at aliquid unde nostrum. Illo quis sit minus ad ut. Amet tenetur rerum sit dolores excepturi. Architecto culpa recusandae quidem et sint. Beatae facere dignissimos dicta perferendis natus dolorum explicabo.', 'DRAFT', 'https://lorempixel.com/1200/400/?80446', '2018-03-30 20:50:05', '2018-03-30 20:50:05'),
(247, 12, 17, 'Dolor quaerat rerum.', 'dolor-quaerat-rerum', 'Eius voluptas est repellendus et aut fuga repudiandae. Aut qui aut molestiae quis quo. Magnam nihil et veniam nesciunt consectetur.', 'Qui aspernatur illo autem itaque laboriosam ut autem minima. Est harum aut dolor unde iusto. Qui ipsum voluptates dolor maxime laboriosam porro at. Enim earum numquam rerum et tenetur atque id. Debitis rem soluta eius ut quis mollitia in tempora. Culpa aliquid sed cumque aut ratione similique incidunt animi. Ut asperiores itaque doloremque harum.', 'DRAFT', 'https://lorempixel.com/1200/400/?30277', '2018-03-30 20:50:05', '2018-03-30 20:50:05'),
(248, 15, 7, 'Sit dolor aut.', 'sit-dolor-aut', 'Ut aut sapiente et nulla corporis sint suscipit. Ut nulla et dolorum possimus facilis inventore placeat excepturi. Aut amet delectus ut a ea in sapiente.', 'Quia et ipsum explicabo inventore non. Quibusdam velit earum soluta occaecati. Qui quia accusamus et est eius ut eos. Corporis numquam non rerum provident esse saepe dolores. Sed aliquam ratione voluptatem doloremque tempore quam expedita. Qui illo et sapiente sint. Nihil dignissimos magni fuga delectus. Perspiciatis at beatae non voluptas. Modi omnis iure cupiditate consequatur.', 'PUBLISHED', 'https://lorempixel.com/1200/400/?49955', '2018-03-30 20:50:05', '2018-03-30 20:50:05'),
(249, 20, 2, 'Iure et sed illo doloremque.', 'iure-et-sed-illo-doloremque', 'Ratione consequuntur et suscipit cum veritatis vel. Quaerat consectetur voluptatum nulla harum qui maxime molestias. Quia nihil aspernatur vel autem non.', 'Ea provident eum assumenda id eos ipsum. Eos quasi nisi voluptas quae. Sint accusantium repellat aut quasi eius et. Est et sint sed. Voluptatem corrupti vero aut excepturi. Officiis quaerat eius assumenda. Nesciunt ab sit sit illo earum iusto architecto. Unde incidunt consequuntur molestias. Consequuntur voluptas quasi quos dolor. Eos consectetur eum esse sed quod quibusdam. Vitae rerum esse sint ipsa perferendis debitis. Ipsum expedita illo ut ullam debitis.', 'DRAFT', 'https://lorempixel.com/1200/400/?68625', '2018-03-30 20:50:05', '2018-03-30 20:50:05'),
(250, 24, 2, 'Et et qui necessitatibus quia voluptatibus.', 'et-et-qui-necessitatibus-quia-voluptatibus', 'Accusamus quam dolorem nulla nostrum. Voluptatem aut vitae assumenda nemo et et. Nemo autem et et voluptatem omnis dolores. Eos aspernatur ut voluptas voluptatibus rem.', 'Placeat quisquam nihil officiis et iusto quasi. Autem odio ea doloribus. Ullam voluptatem numquam similique deserunt et eaque. Dolores in necessitatibus aut est molestiae. Eaque at corrupti asperiores architecto error. Sed eum est nesciunt. Commodi facilis perferendis rem ea. Est cum reprehenderit architecto exercitationem et. Laudantium enim hic voluptates. Sed corrupti eius distinctio adipisci quaerat culpa exercitationem.', 'PUBLISHED', 'https://lorempixel.com/1200/400/?78438', '2018-03-30 20:50:05', '2018-03-30 20:50:05'),
(251, 23, 20, 'Officiis enim laborum quas qui iste.', 'officiis-enim-laborum-quas-qui-iste', 'Sed at maiores quos et eos. Et et velit quo corporis soluta. Aliquid ex pariatur possimus et et et consequatur.', 'Minima ut numquam a modi nisi consequatur minima. Iusto asperiores molestiae unde perferendis. Odio corrupti cumque fugit quia assumenda explicabo porro. Repellat ut temporibus sit unde facilis. Sed consequatur rerum aliquam sunt. Facilis voluptate voluptas cum voluptates molestias non. Vel distinctio nemo doloribus possimus. Ea ut ratione asperiores quos enim eligendi incidunt consequatur. Inventore non id quod sapiente aut enim eum.', 'PUBLISHED', 'https://lorempixel.com/1200/400/?99367', '2018-03-30 20:50:05', '2018-03-30 20:50:05'),
(252, 21, 11, 'Pariatur nostrum cupiditate aliquam.', 'pariatur-nostrum-cupiditate-aliquam', 'Aut minima saepe quis qui quam quidem omnis. Animi deserunt deserunt quae nobis et sint. Exercitationem est ipsum enim.', 'Pariatur sit voluptatibus quia laudantium nesciunt aperiam itaque. Distinctio sit dolor natus occaecati eius. Quibusdam temporibus et nemo rem ut sequi est. Sunt explicabo saepe et perferendis aut. Exercitationem animi rerum eum sed corrupti ullam ullam. Fuga nihil error quaerat aut. Mollitia tempora praesentium natus quidem. Fugit aperiam et reprehenderit neque fugiat voluptatem aut architecto. Sunt at sapiente et optio facere.', 'DRAFT', 'https://lorempixel.com/1200/400/?77868', '2018-03-30 20:50:05', '2018-03-30 20:50:05'),
(253, 14, 18, 'Laudantium debitis sunt.', 'laudantium-debitis-sunt', 'Occaecati praesentium sit ipsam rem quisquam nostrum. Hic repellendus maxime aperiam eligendi. Itaque quisquam voluptatibus veritatis amet voluptatem. Facere quis autem reiciendis illo.', 'In impedit aut quisquam eum accusantium deleniti quos. Qui eum consequatur iure vel necessitatibus. Veniam veritatis quas fugit et inventore corrupti qui aspernatur. Facilis molestiae iste placeat consequuntur. Explicabo minus qui deserunt quae. Assumenda ut est voluptatem nihil quia rem dolorum omnis. Ut id exercitationem iure provident. Amet aut pariatur sit rerum.', 'PUBLISHED', 'https://lorempixel.com/1200/400/?63166', '2018-03-30 20:50:05', '2018-03-30 20:50:05'),
(254, 6, 1, 'Maxime est quod in.', 'maxime-est-quod-in', 'Perspiciatis laborum facilis rerum molestias deserunt ut. Sit omnis quae eos sit non facere quia. Dolor consequatur earum suscipit quo iusto beatae.', 'Quia voluptas modi quia repellat doloremque. Quia natus voluptatem velit laborum est. Et voluptas omnis modi adipisci unde. Error modi tenetur asperiores dolore consequuntur voluptates. Sit dignissimos earum tempora praesentium qui est sapiente qui. Esse placeat cum est autem dolor dolor. Nihil quibusdam itaque omnis quia fugiat maiores. Nihil necessitatibus aliquam et quibusdam beatae sit nihil. Unde qui illo impedit tempore. Itaque ipsa libero et nobis esse facere in.', 'PUBLISHED', 'https://lorempixel.com/1200/400/?47903', '2018-03-30 20:50:05', '2018-03-30 20:50:05'),
(255, 28, 7, 'Id assumenda quia ut.', 'id-assumenda-quia-ut', 'Officiis non enim sed. Aut nobis omnis facilis doloribus consequuntur amet minima est. Beatae saepe quis at quia voluptatibus. Quia sit laboriosam et ea. Eos ut animi quibusdam.', 'Harum temporibus hic quia repellat. Sunt et voluptates eveniet et et quia et. Nesciunt similique ratione delectus commodi tempora ipsum et. Praesentium dolore sit sit inventore. Amet ea ut ex omnis est et. Dolorum tenetur eius quidem commodi at rerum. Asperiores quia aut necessitatibus deserunt esse voluptatum. Ipsum voluptatem quae quia nisi. Incidunt et est sed eos unde. Magnam optio fugiat accusamus quia est. Vel laboriosam deserunt ipsa incidunt voluptate. Unde unde fugiat sed dicta.', 'PUBLISHED', 'https://lorempixel.com/1200/400/?48703', '2018-03-30 20:50:05', '2018-03-30 20:50:05'),
(256, 8, 16, 'Molestias accusantium vitae reiciendis impedit.', 'molestias-accusantium-vitae-reiciendis-impedit', 'Id laudantium sed enim soluta maxime voluptatem. Quam corrupti error itaque ipsam tenetur. Voluptate itaque est sint ex illum.', 'Et et officiis et exercitationem in illum nihil. Sint sint et ut nesciunt reprehenderit aut asperiores. Enim amet exercitationem consequatur. Occaecati dolor placeat ut repellat. Sit nam suscipit dolore repudiandae aut. A et ex et id harum est. Voluptas quo ipsam laboriosam aliquid quae eos. Autem autem accusamus architecto aut aperiam deserunt.', 'DRAFT', 'https://lorempixel.com/1200/400/?92850', '2018-03-30 20:50:05', '2018-03-30 20:50:05'),
(257, 29, 4, 'Nam delectus debitis doloremque.', 'nam-delectus-debitis-doloremque', 'Fuga vel sit odio fugiat aut. Quibusdam a molestias deleniti accusamus deleniti. Magni accusamus animi et itaque dolores et. Expedita quibusdam et iste.', 'In quas quidem excepturi dolorum libero. Consequatur similique adipisci sed incidunt iusto. Et corporis reprehenderit perferendis dolor omnis. Eum a dicta fugiat mollitia minus ipsum repellendus. Vel expedita voluptas necessitatibus unde voluptas eos similique. Quae et natus minima voluptatem repellat voluptatem. Nihil doloribus rem pariatur molestiae atque deserunt. Minima deleniti saepe dolores ad ut impedit.', 'DRAFT', 'https://lorempixel.com/1200/400/?61904', '2018-03-30 20:50:05', '2018-03-30 20:50:05'),
(258, 14, 5, 'Cupiditate ea voluptas.', 'cupiditate-ea-voluptas', 'Sit atque vel et et. Tempora cupiditate nihil magni corporis. Iure architecto rerum quidem veritatis facilis maxime a.', 'Et dolores dolores magni voluptate error. Exercitationem aliquam adipisci voluptates et voluptas. Corporis sed cum eos et est ipsam. Deleniti in alias nemo quibusdam sed. Dicta et aspernatur ut similique. Autem illum qui vel. Laborum qui vel et. Eum consequatur in ut sequi. Consequatur distinctio dolore praesentium eius. Aperiam molestiae autem non esse dolores. Qui sunt nihil quod fugit ut eum quos.', 'PUBLISHED', 'https://lorempixel.com/1200/400/?14301', '2018-03-30 20:50:05', '2018-03-30 20:50:05'),
(259, 18, 2, 'Quo dolorem architecto quo illum unde.', 'quo-dolorem-architecto-quo-illum-unde', 'Esse alias ipsa voluptas reprehenderit dolor quas. Labore sed id ut nesciunt esse tempore nemo. Eligendi beatae adipisci non iure earum.', 'Rem porro atque est omnis. Magni impedit molestiae consectetur. Nemo sint consequuntur minima iusto ut ut impedit. Ut eius officia necessitatibus cum. Delectus non nobis aut cumque et aspernatur debitis. Exercitationem qui enim et minima aut. Laborum praesentium eligendi sint doloribus. Autem reiciendis error et rerum sit mollitia. Hic voluptatem possimus nobis dignissimos vero id. Iure harum voluptatem laudantium nesciunt.', 'DRAFT', 'https://lorempixel.com/1200/400/?96381', '2018-03-30 20:50:05', '2018-03-30 20:50:05'),
(260, 17, 5, 'Minima ex aliquam rerum exercitationem.', 'minima-ex-aliquam-rerum-exercitationem', 'Dolorem voluptas suscipit ut corporis eos. Maiores consequatur recusandae quia adipisci. Consequuntur tempore quod voluptatem rerum nesciunt. Sint doloribus expedita magni velit.', 'Omnis numquam omnis aspernatur molestias. Quasi aperiam ut neque laudantium quae. Ut sunt qui consequatur deserunt alias impedit et. Aspernatur sed impedit quidem excepturi et aliquid. Quia rem odio at molestiae nihil. Quod sint ut accusantium corporis ab unde. Dolorum dolorum possimus et aperiam. Consequatur debitis aliquid veniam nulla. Id dolores nulla aspernatur. Commodi officia perspiciatis sit quae. Accusantium odit veritatis ut possimus. Sequi id unde et sint.', 'DRAFT', 'https://lorempixel.com/1200/400/?89997', '2018-03-30 20:50:05', '2018-03-30 20:50:05'),
(261, 20, 12, 'Similique earum aut itaque ad iusto.', 'similique-earum-aut-itaque-ad-iusto', 'Quis quia incidunt incidunt iste et necessitatibus laboriosam. Velit quasi nihil neque id quasi. Est sit autem quis.', 'Ipsam natus ipsum harum ut veritatis. Aperiam voluptatem minima aut modi amet quas. Dicta quas dolores consequatur sed quae. Sint facere incidunt et occaecati est at. Pariatur ad cum rerum et qui quaerat. Aperiam aut adipisci qui. Debitis quisquam quidem dolor qui illum. Ab placeat maxime est dicta. Exercitationem perspiciatis eum harum ea.', 'PUBLISHED', 'https://lorempixel.com/1200/400/?12455', '2018-03-30 20:50:05', '2018-03-30 20:50:05'),
(262, 7, 11, 'Et id possimus qui reiciendis expedita.', 'et-id-possimus-qui-reiciendis-expedita', 'Alias nobis enim iure provident qui ut explicabo. Voluptatum ab aut excepturi vero natus. Non quia ea quidem id nisi ratione. Cumque minus quibusdam dolores consequatur repellat sit.', 'Quia dignissimos sunt quod qui fugit. Omnis libero labore molestiae dolore vel. Autem nesciunt dolorum quo temporibus facere. Voluptatem nulla recusandae nesciunt. Quis sed est et architecto qui id. Est dolores quos magnam dolorem. Eum numquam velit maiores aliquam est amet eveniet. Consequatur voluptatem autem quod quidem ipsa ut eveniet et. Qui cumque nemo sit perspiciatis. Rerum modi dolor quod officiis placeat officiis.', 'PUBLISHED', 'https://lorempixel.com/1200/400/?28421', '2018-03-30 20:50:06', '2018-03-30 20:50:06'),
(263, 5, 20, 'Facilis tenetur et porro impedit.', 'facilis-tenetur-et-porro-impedit', 'Enim sit illum ipsum quos. Temporibus vel doloremque nesciunt a quibusdam rerum est. In ea eius porro ut voluptate aut id.', 'Alias voluptatem aut commodi beatae. Et atque voluptas quia nesciunt. Ea mollitia velit et et rem. Sint modi aut impedit tempora vitae aperiam. Consequuntur aperiam sed animi iste est. Praesentium quis perspiciatis ad consequatur illo velit quod. Est veritatis tenetur odio veniam. Aspernatur aliquid quia odio optio. Deserunt quos in incidunt omnis delectus at maiores. Repudiandae voluptatem amet et quod.', 'PUBLISHED', 'https://lorempixel.com/1200/400/?95492', '2018-03-30 20:50:06', '2018-03-30 20:50:06'),
(264, 23, 13, 'Velit alias neque iste mollitia.', 'velit-alias-neque-iste-mollitia', 'Et occaecati quas et tenetur quis hic est. Facilis et ea impedit et velit. Et voluptatem voluptas illum.', 'Voluptas accusantium placeat totam nesciunt quaerat autem dicta. Commodi sint rem quis perspiciatis ratione eaque. Tenetur reprehenderit et ad et. Porro ut voluptas expedita eos ea. Sed voluptates modi beatae aut est animi minus. Non aspernatur laudantium nisi sapiente. Aperiam quae ipsam vero quo facere eveniet animi. Et molestiae tenetur aliquid asperiores totam aliquid id.', 'PUBLISHED', 'https://lorempixel.com/1200/400/?72032', '2018-03-30 20:50:06', '2018-03-30 20:50:06'),
(265, 29, 14, 'Molestiae deleniti aut est.', 'molestiae-deleniti-aut-est', 'Facilis est et officia maiores voluptatibus. Placeat non et dolorem. Totam exercitationem sit qui voluptatem.', 'Magnam occaecati aut nisi a natus. Consequatur dolor illo consectetur aliquam incidunt doloremque. Sit aperiam aut ut aut neque. Consequatur qui tenetur recusandae sapiente ut dolorem. Error consequatur ut sapiente cupiditate voluptas. Est voluptates qui quibusdam nisi dolor et. Debitis nulla necessitatibus eos illum rem modi deserunt. Non dolorem quis aut et. Sapiente omnis quia libero nulla. Maiores totam et ut. Omnis incidunt nam officia.', 'DRAFT', 'https://lorempixel.com/1200/400/?67863', '2018-03-30 20:50:06', '2018-03-30 20:50:06'),
(266, 30, 16, 'Incidunt ullam hic omnis.', 'incidunt-ullam-hic-omnis', 'Cumque inventore dolores quo quis. Quidem ut saepe enim ea reiciendis aperiam omnis. Vero perferendis ad magni qui. Cupiditate atque molestiae adipisci ea nesciunt.', 'Neque aliquam ratione ex praesentium accusantium quibusdam. Iste consequatur tempore explicabo maiores fuga. Illum id enim placeat alias atque aut illo quasi. Culpa aut et ullam corrupti eos laborum qui quia. Exercitationem minus minus quam aut. Voluptas odio ea ut quidem. Quia velit nulla consequuntur. Eos et occaecati est sed. Aut ab et autem sapiente.', 'DRAFT', 'https://lorempixel.com/1200/400/?37431', '2018-03-30 20:50:06', '2018-03-30 20:50:06'),
(267, 15, 19, 'Et eos praesentium voluptatem.', 'et-eos-praesentium-voluptatem', 'Suscipit non deserunt id autem nostrum aut totam. Facere natus voluptates labore maxime illum nobis. Odit molestias consequatur quam et quas. Velit suscipit est recusandae commodi.', 'Nobis et facilis architecto. Saepe rerum soluta accusantium nam quia velit. Quo vero officia non nemo odio recusandae et. Eum sit enim asperiores tempore sit. Rerum corrupti expedita praesentium debitis et. Natus debitis dolor quisquam aut facilis alias. Tempore non blanditiis hic consequatur est modi. Pariatur deleniti aut quam consequatur autem quae autem natus. Eligendi fugit itaque eos maxime. Nam consequatur aut facere vel labore. Perspiciatis in eos voluptatem tempore soluta non tenetur.', 'DRAFT', 'https://lorempixel.com/1200/400/?44267', '2018-03-30 20:50:06', '2018-03-30 20:50:06'),
(268, 2, 17, 'Ratione est laboriosam.', 'ratione-est-laboriosam', 'Culpa neque aut iusto impedit. Natus porro voluptas dolorem adipisci et ut veniam eos. Omnis placeat aut minus veritatis maiores officiis.', 'Voluptas et iusto qui ex corrupti. Consequuntur at fuga fugiat voluptate. Et esse rerum laborum. Quasi et quam et quos quis quia. Ab ut itaque facere pariatur eligendi ad. Accusantium vel fugiat sed. Tempore ex ea ut quod saepe et hic. Sunt fugiat ut enim distinctio illum consequatur. Quasi totam dolorem suscipit et tenetur sed sit. Ut corporis odit adipisci voluptatem ullam aut. Quia magni alias sed nesciunt voluptas.', 'PUBLISHED', 'https://lorempixel.com/1200/400/?58943', '2018-03-30 20:50:06', '2018-03-30 20:50:06'),
(269, 25, 14, 'Qui eos omnis similique veniam provident.', 'qui-eos-omnis-similique-veniam-provident', 'Nam nulla est quidem aut. Vero neque occaecati est voluptas qui inventore. Quo eius eos ipsa distinctio qui.', 'Quia quibusdam voluptas totam et. Aut dolor rerum nesciunt voluptatum dolor ipsa aliquam eaque. Voluptatum placeat consequatur aperiam omnis odit. Consequatur voluptatem qui facilis accusamus quisquam tempora dolore quia. Et neque id iure sit dolorem voluptatibus ullam. Aut cum molestias numquam officiis. Aut possimus quo et quo in. Sint laboriosam nihil nihil quaerat quia sequi iure quas. Quod dolor fugit vel cum porro commodi ut.', 'PUBLISHED', 'https://lorempixel.com/1200/400/?73303', '2018-03-30 20:50:06', '2018-03-30 20:50:06'),
(270, 8, 19, 'Aut nesciunt aut consequatur minima.', 'aut-nesciunt-aut-consequatur-minima', 'Labore incidunt quis debitis voluptas qui sunt. Animi soluta aliquid possimus pariatur. Sint vel quidem non cupiditate dolorem nihil velit. Quo nam architecto sunt aperiam temporibus.', 'In inventore inventore optio quos deleniti et quis. Perferendis molestiae nobis qui atque. Autem molestiae quae eos maxime. Est minima porro atque ad eum. Non et porro dolorem eum quis corrupti. Ut iusto voluptate aliquam tenetur. Blanditiis eum voluptas quia maiores odio possimus explicabo. Qui debitis dolorem ex aut. Aut recusandae quis quia sequi.', 'DRAFT', 'https://lorempixel.com/1200/400/?96935', '2018-03-30 20:50:06', '2018-03-30 20:50:06'),
(271, 12, 6, 'Harum dolore sit.', 'harum-dolore-sit', 'Recusandae ad consectetur consectetur voluptatibus. Quia et labore sunt minima.', 'Vel ex enim quasi consectetur saepe. Sed non sunt vero. Aut repellat nobis deleniti est voluptatem. Nostrum est dolores deserunt. Accusamus nulla dolorem consequatur animi iste dolores ut. Impedit quo ipsum repellat aut rerum ipsum expedita quod. Vel ducimus quisquam commodi voluptatem nostrum id non voluptatem.', 'PUBLISHED', 'https://lorempixel.com/1200/400/?64512', '2018-03-30 20:50:06', '2018-03-30 20:50:06'),
(272, 23, 9, 'Amet mollitia ut ut.', 'amet-mollitia-ut-ut', 'Sit rerum et velit qui. Incidunt est doloremque iure voluptatem accusantium commodi magni.', 'Voluptatem excepturi qui ut laudantium. Deleniti voluptate rerum in error ullam soluta commodi eum. Ratione accusantium et sint voluptatem. Voluptatem et expedita non voluptates aliquid ab fuga. Culpa sint eum id. Voluptates saepe omnis aut error deserunt reiciendis qui. Repudiandae et officia laudantium et atque. Et et vel ut exercitationem doloribus sunt provident.', 'PUBLISHED', 'https://lorempixel.com/1200/400/?59880', '2018-03-30 20:50:06', '2018-03-30 20:50:06'),
(273, 10, 8, 'Pariatur et sed.', 'pariatur-et-sed', 'Recusandae commodi voluptas cum nihil cum tenetur. Ab possimus quo autem corporis sunt vitae adipisci. Nulla dolorem porro non placeat placeat et. Rerum iure saepe incidunt molestiae quia.', 'Distinctio expedita consequatur dolore omnis debitis architecto at. Qui voluptas soluta tempore ipsa non voluptatibus et. Amet optio quae recusandae voluptate id voluptatem esse. Officiis porro id voluptatem asperiores error sequi. Eos cum repudiandae quam corporis quia tempora possimus. Voluptatem dolorem aut magnam rem. Distinctio soluta deleniti expedita ut eos. Rem incidunt a esse est. Ratione et explicabo laboriosam aut libero omnis. Ducimus qui et qui voluptas quasi incidunt deserunt.', 'PUBLISHED', 'https://lorempixel.com/1200/400/?41515', '2018-03-30 20:50:06', '2018-03-30 20:50:06');
INSERT INTO `posts` (`id`, `user_id`, `category_id`, `name`, `slug`, `excerpt`, `body`, `status`, `file`, `created_at`, `updated_at`) VALUES
(274, 24, 17, 'At deleniti consequatur qui maxime.', 'at-deleniti-consequatur-qui-maxime', 'Atque ut illo deleniti vel blanditiis qui. Ut porro laborum est et earum nihil eaque. Aperiam veniam dolores et modi expedita.', 'Ipsum neque voluptatum aut culpa eum dolores est iusto. Ut tempora architecto et. At deleniti sit et optio. Sunt voluptatum hic recusandae nostrum dignissimos ipsa. Eos voluptatem omnis et perspiciatis dignissimos excepturi iure. Nam culpa culpa maxime neque unde recusandae. Aut et fugiat et sed eligendi.', 'DRAFT', 'https://lorempixel.com/1200/400/?15135', '2018-03-30 20:50:06', '2018-03-30 20:50:06'),
(275, 8, 3, 'Vitae qui est.', 'vitae-qui-est', 'Voluptate et molestiae eius ea nostrum nobis eaque. Veritatis necessitatibus quo et autem quae labore consequatur. Molestiae sequi id et consequatur libero voluptates ducimus velit.', 'Et quis sed ipsam labore aperiam. Laboriosam qui reprehenderit minima praesentium eum laudantium. Sed omnis consequuntur non laborum adipisci consequatur modi iste. At aut earum fugit amet debitis. Quia at sed et est totam quia. Ea molestiae aspernatur maxime ullam corporis. Quia atque quas voluptatem aut. Delectus autem ea possimus omnis consequatur temporibus cum. Voluptatem qui iste ut vel est dolores eius. Qui est perferendis animi ducimus laboriosam.', 'PUBLISHED', 'https://lorempixel.com/1200/400/?51073', '2018-03-30 20:50:06', '2018-03-30 20:50:06'),
(276, 30, 16, 'Nemo reiciendis dolorem vel impedit.', 'nemo-reiciendis-dolorem-vel-impedit', 'Aut qui qui reiciendis deleniti et aut. Aut eligendi possimus accusantium quisquam sit non odio sit. Ullam doloribus incidunt adipisci asperiores exercitationem.', 'Numquam quia blanditiis omnis quia officia a. Velit assumenda et molestiae rerum eveniet. Voluptatem veritatis et ipsa incidunt. Dolor fuga quia quis repudiandae non ut. Qui vero omnis earum ullam eos consectetur expedita. Beatae fugit quos dolorum vel velit. Aspernatur nihil vero eveniet quis ut. Rem et repellat quaerat iusto excepturi fugit. Incidunt id nemo in placeat. Sunt amet molestiae unde ratione explicabo quaerat.', 'PUBLISHED', 'https://lorempixel.com/1200/400/?73417', '2018-03-30 20:50:06', '2018-03-30 20:50:06'),
(277, 4, 13, 'Quas aut et.', 'quas-aut-et', 'Atque voluptatem fuga magni eos nesciunt perferendis fugiat. Consequatur molestiae et soluta.', 'Quod et rerum excepturi non perspiciatis. Cupiditate aut numquam qui quidem expedita voluptas quibusdam. Recusandae possimus itaque natus mollitia reprehenderit laudantium ut. Sint est dolor sint doloremque deserunt illum nulla. Omnis officia nam esse nemo perspiciatis eius. Est qui voluptas assumenda sit optio. Ducimus omnis non incidunt non iste voluptates modi. Aut vel quos corporis exercitationem tempore et aut.', 'PUBLISHED', 'https://lorempixel.com/1200/400/?30880', '2018-03-30 20:50:06', '2018-03-30 20:50:06'),
(278, 10, 4, 'Est quas autem non iste quibusdam.', 'est-quas-autem-non-iste-quibusdam', 'Illo porro quasi est. Ut qui et aperiam iste. Totam iusto ratione qui amet dolorem fuga tenetur accusamus.', 'Et ducimus rerum veniam nostrum qui. Asperiores est omnis soluta dolor repellendus adipisci eius. Explicabo et magni magnam a totam dolore. Atque quo cupiditate dolores architecto. Est expedita blanditiis quia at molestias. Odit perspiciatis labore soluta adipisci dolores impedit libero. At quasi repudiandae quia itaque. Laborum aut sed cupiditate dicta repellendus. Eveniet quaerat iste placeat possimus molestias consequatur mollitia. Accusamus neque labore sit voluptate.', 'PUBLISHED', 'https://lorempixel.com/1200/400/?29054', '2018-03-30 20:50:07', '2018-03-30 20:50:07'),
(279, 7, 19, 'Quis reprehenderit pariatur eius.', 'quis-reprehenderit-pariatur-eius', 'Blanditiis quae voluptatum ducimus perferendis ut. Ab sed sed iusto architecto qui. Nihil cupiditate delectus voluptatem quos et nesciunt quas.', 'Fugit natus sint voluptatum qui. Dignissimos odit quidem quibusdam incidunt animi quis. Laudantium illum ab omnis saepe tempora cumque. Id molestias sit quod nam dolores quis minus. Dolor nihil est rem consectetur alias velit quis reprehenderit. Voluptatibus ut repellat aut earum quia sed ea. Aliquid aut deleniti corrupti harum. Recusandae quasi sapiente qui voluptate. Voluptatibus quo et aliquam quos. Quibusdam expedita et corporis dolore. Voluptatem asperiores velit qui quam.', 'DRAFT', 'https://lorempixel.com/1200/400/?46336', '2018-03-30 20:50:07', '2018-03-30 20:50:07'),
(280, 21, 11, 'Voluptatem quasi aut et dicta nihil.', 'voluptatem-quasi-aut-et-dicta-nihil', 'Vero illo sequi quisquam voluptas sint. Ipsum aut temporibus tempore ad. Corporis voluptatem odio voluptas quia. Aut veritatis ut nihil ut cupiditate qui.', 'Fuga esse nulla sed qui. Voluptatem et sequi repellendus vel ut ipsa. Deserunt et aut beatae explicabo. Doloribus voluptas fugit voluptas maxime eos earum. Sed blanditiis deserunt asperiores fugit. Laudantium voluptas ipsa atque dolorem et id. Ducimus non iure ducimus laborum est deserunt dolor. Est consequatur quia ut consectetur modi non quasi. Non necessitatibus officiis sint. Sed reprehenderit consequuntur quidem qui blanditiis fugiat nulla dignissimos.', 'PUBLISHED', 'https://lorempixel.com/1200/400/?46987', '2018-03-30 20:50:07', '2018-03-30 20:50:07'),
(281, 12, 5, 'Quam eveniet facere ratione dolor.', 'quam-eveniet-facere-ratione-dolor', 'Tempore non sed dolores itaque et autem. Aut est rem qui neque excepturi reprehenderit est. Accusamus ut consectetur quisquam. Atque repellat quasi suscipit impedit aliquid ad.', 'Ut sit quia ipsa voluptates numquam quidem cum. Dolor veritatis et numquam fugit est. Neque magni assumenda adipisci consectetur delectus incidunt. Tempora est voluptas voluptates totam accusamus est. Laboriosam maiores impedit et labore illo. Odio distinctio rerum mollitia iusto excepturi voluptatem similique. Perspiciatis officiis earum reprehenderit ducimus voluptatem fugiat quia. Iusto unde voluptatem adipisci veniam quia adipisci eum.', 'DRAFT', 'https://lorempixel.com/1200/400/?21344', '2018-03-30 20:50:07', '2018-03-30 20:50:07'),
(282, 14, 5, 'Qui nihil laboriosam necessitatibus et.', 'qui-nihil-laboriosam-necessitatibus-et', 'Aliquid pariatur tenetur et deleniti quo. Aliquam nesciunt molestias cumque dolorem nisi ut consequatur et. Officia voluptatem eos recusandae quisquam. Debitis et officiis beatae.', 'Qui minima fuga totam rerum assumenda magnam doloremque. Eveniet laboriosam et aut ex eum corrupti. Saepe veniam consequuntur dicta sequi at sed aliquam. Voluptas omnis quam consectetur quibusdam est laborum beatae. Pariatur in labore autem aut totam deleniti fugit. Dolor veritatis exercitationem placeat voluptatem cumque qui. In dolores quaerat magni est laboriosam quisquam laudantium. Omnis pariatur sint eius voluptate.', 'DRAFT', 'https://lorempixel.com/1200/400/?71538', '2018-03-30 20:50:07', '2018-03-30 20:50:07'),
(283, 16, 1, 'Sit ut assumenda et.', 'sit-ut-assumenda-et', 'Doloremque harum aliquam ad. Possimus occaecati doloribus voluptatem excepturi ut amet minus sed. Necessitatibus est molestiae perspiciatis distinctio. Quia quod distinctio et voluptatibus quos.', 'Ut voluptate laudantium voluptatibus voluptates ut a fuga. Distinctio adipisci est saepe sint dolorum. Eius excepturi occaecati quia quo sit qui sed. Atque quia dolore quo quod. Minus omnis est explicabo ratione aspernatur corporis. Voluptate unde voluptas sint. Qui nobis provident aut nulla et praesentium blanditiis velit. Omnis a placeat quo. Optio ducimus omnis deleniti expedita perspiciatis id placeat est. Eius laborum in nisi vel et et est illo.', 'DRAFT', 'https://lorempixel.com/1200/400/?97222', '2018-03-30 20:50:07', '2018-03-30 20:50:07'),
(284, 23, 10, 'Sed sint non nihil.', 'sed-sint-non-nihil', 'Voluptatum aperiam quia autem magni. Dolor perferendis quo minima. Quibusdam atque aut optio. Omnis enim at aliquam dolorem assumenda voluptate. Nulla cumque earum officiis ut repellat.', 'Modi explicabo ut ut qui cum nobis inventore. Dignissimos praesentium molestiae qui natus nobis. Eveniet quia quaerat deleniti ut magnam. Voluptatum velit ea quam dicta. Nobis et et laborum. Et nihil laborum saepe vitae praesentium error. Quam consequatur quae eum quibusdam dolores. Qui aperiam dignissimos sit voluptate ducimus reiciendis. Neque quae in eveniet et alias. Voluptatum cumque suscipit laborum et delectus est. Sint sed rem qui.', 'PUBLISHED', 'https://lorempixel.com/1200/400/?73037', '2018-03-30 20:50:07', '2018-03-30 20:50:07'),
(285, 23, 11, 'Quia eligendi et qui quam.', 'quia-eligendi-et-qui-quam', 'Voluptatem eaque aut a asperiores. Possimus saepe iste et. Repudiandae et eaque quisquam sunt adipisci dolorem provident. Minima sint ipsa ab nisi.', 'Ad dicta est sed. Unde necessitatibus voluptatibus vitae in sed corrupti ducimus. Facilis velit reiciendis alias et. Sequi dolore corporis sed qui. Sed quae est expedita perferendis nesciunt perspiciatis ut eum. Modi quae veritatis quisquam omnis nesciunt autem repellendus. Labore sapiente praesentium eos voluptas qui et. Ullam est dolorem sapiente ut qui maxime ut.', 'DRAFT', 'https://lorempixel.com/1200/400/?45477', '2018-03-30 20:50:07', '2018-03-30 20:50:07'),
(286, 13, 17, 'Tempore necessitatibus eos facilis dignissimos quidem.', 'tempore-necessitatibus-eos-facilis-dignissimos-quidem', 'Voluptatem et repudiandae autem distinctio in magni error est. Voluptas ut facere debitis aut ut. Quidem et unde ut ut. Est qui commodi voluptas.', 'Rerum voluptas tenetur qui est ratione ut at sint. Voluptatibus consectetur eveniet unde minima. Nisi sit laudantium tenetur et sed est qui et. Laudantium eos at aut porro. Aut itaque deleniti aut doloribus amet omnis in voluptate. Illum velit rerum quae eum. Consequuntur velit fugit voluptatem consequatur possimus necessitatibus maxime. Iste necessitatibus voluptatem eligendi pariatur dicta.', 'DRAFT', 'https://lorempixel.com/1200/400/?82306', '2018-03-30 20:50:07', '2018-03-30 20:50:07'),
(287, 11, 8, 'Deleniti aliquam sunt ut et minus.', 'deleniti-aliquam-sunt-ut-et-minus', 'Quo ut voluptate adipisci molestias aliquam. Nemo exercitationem aut in reiciendis. Dolor iste doloremque praesentium aliquid repudiandae sit id.', 'Eligendi voluptatem voluptas dicta quo in. Corporis numquam et impedit vitae. Similique animi facere aut minima. Aut sed corrupti voluptas quia dolore hic. Qui facilis quas nemo minus. Sed non velit laboriosam occaecati reiciendis eos quam. Optio quia iusto et voluptas vel facilis. Quia eaque aut delectus. Dolores quibusdam quia numquam molestiae voluptatem unde tempora expedita. Qui dolores repellat velit quia. Quisquam mollitia commodi voluptatum labore. Ea sint nisi delectus deserunt.', 'DRAFT', 'https://lorempixel.com/1200/400/?63703', '2018-03-30 20:50:07', '2018-03-30 20:50:07'),
(289, 4, 15, 'Iusto sapiente laudantium nihil ut qui.', 'iusto-sapiente-laudantium-nihil-ut-qui', 'Veritatis nihil nihil reprehenderit commodi placeat eos et. Distinctio unde quos sit non est sit odio est. Harum quae qui doloremque vero aut. Sequi esse aut quo eaque alias.', 'Ullam rem dolorem repellendus nemo voluptates quisquam nesciunt molestiae. Voluptas delectus quam sapiente provident aperiam optio enim cum. Error dolore quibusdam et nobis. Quae facilis voluptate cupiditate. Quas recusandae iure commodi officia et. Pariatur ullam sed laudantium debitis ut qui facere.', 'PUBLISHED', 'https://lorempixel.com/1200/400/?63308', '2018-03-30 20:50:07', '2018-03-30 20:50:07'),
(290, 16, 1, 'Cum ea iusto quas debitis.', 'cum-ea-iusto-quas-debitis', 'Saepe saepe quibusdam odit et repellendus mollitia doloremque. Praesentium fugit dicta voluptas placeat mollitia ipsam consequatur. Harum tempore quis nemo necessitatibus quibusdam.', 'Hic esse eaque nobis et. Eum rerum quia eius maxime consequatur. Vitae commodi ipsam natus laboriosam beatae non rerum totam. Et id ducimus expedita atque ea totam delectus. Et soluta autem vel fuga voluptates provident sequi. Consectetur voluptatem veritatis ut eos qui voluptates omnis. Molestiae possimus accusantium quo maiores nisi. Quo non facilis ratione a odit saepe. Cum facilis incidunt beatae est assumenda voluptates.', 'DRAFT', 'https://lorempixel.com/1200/400/?71050', '2018-03-30 20:50:07', '2018-03-30 20:50:07'),
(291, 12, 5, 'Est nulla ratione soluta quae.', 'est-nulla-ratione-soluta-quae', 'Libero ab a qui et. Possimus beatae eum aut culpa dicta. Earum eveniet cumque omnis nam. Incidunt nihil eum quaerat illo voluptas veniam culpa.', 'Sapiente minima est omnis aliquam qui. Laborum sed corporis sit ut voluptatem ut. Beatae accusamus excepturi sint sit quis nesciunt. Aut dolore est exercitationem nisi qui voluptatem libero. Neque dolorem quia ipsam qui modi eos eligendi asperiores. Quia temporibus tenetur nesciunt illum. Quaerat et tempore et est nobis nostrum fugit quibusdam. Accusantium maxime doloremque aut maxime natus accusamus.', 'PUBLISHED', 'https://lorempixel.com/1200/400/?19835', '2018-03-30 20:50:07', '2018-03-30 20:50:07'),
(292, 17, 1, 'Suscipit in ullam voluptates.', 'suscipit-in-ullam-voluptates', 'Et dolores cupiditate adipisci. Dolore consequuntur qui rerum expedita. Quia sit corrupti voluptas voluptates fugiat quia dolore. Quia aperiam et illo occaecati.', 'Odio ut occaecati voluptatem illum dolorum amet tenetur. Sed ducimus molestias animi quasi aliquam voluptatum consequatur. Est veritatis fugiat eaque sed eius omnis. Quibusdam explicabo exercitationem aut ut. Omnis harum odio rem doloremque. Sit vel autem fuga excepturi aut provident esse et. Cumque aspernatur aperiam pariatur sed quia molestiae. Et laborum perspiciatis quos natus. Consequatur totam nostrum quae sed. Magnam sequi at nihil quasi qui et et.', 'DRAFT', 'https://lorempixel.com/1200/400/?50854', '2018-03-30 20:50:07', '2018-03-30 20:50:07'),
(294, 25, 15, 'Ratione exercitationem non.', 'ratione-exercitationem-non', 'Dolorem veniam magnam nisi laborum quisquam. Accusamus qui facilis facere sapiente sunt quam ut.', 'Iure vero qui neque quibusdam. Magni veritatis enim ea rem. Qui suscipit ut et dolores aut. Architecto at eos harum vel minus. Consequuntur rerum tempore eos ratione numquam. Impedit laborum cumque eius eum recusandae et ut. Velit non molestiae occaecati id. Sapiente laudantium qui nesciunt ad omnis magni.', 'DRAFT', 'https://lorempixel.com/1200/400/?32199', '2018-03-30 20:50:07', '2018-03-30 20:50:07'),
(295, 24, 8, 'Ut nam ut cupiditate.', 'ut-nam-ut-cupiditate', 'Quod quo qui magni aliquam ipsa expedita perferendis. Vel fuga natus repudiandae omnis. Eum quia maiores quod sapiente. Quia illum veniam tempore aliquid enim sed illo ab.', 'Est quia similique in voluptatem sint id quod. Vel provident porro sed qui dolorem vel ab. Tempore animi quisquam impedit. Maxime ut est sit veniam dicta. Occaecati ea ratione quod ut non ea dolores. Repellendus eos nemo recusandae aliquid consequuntur. Esse quis labore repellat quod. Iure nihil quidem quaerat mollitia fugit. Recusandae modi accusamus a. Occaecati voluptatem veniam repellat ratione. Veniam reiciendis accusamus adipisci sint.', 'DRAFT', 'https://lorempixel.com/1200/400/?72260', '2018-03-30 20:50:07', '2018-03-30 20:50:07'),
(296, 20, 12, 'Alias et eum possimus.', 'alias-et-eum-possimus', 'Molestiae qui aut sapiente voluptatum dolorum. Id voluptatem sunt quae architecto quis blanditiis tempore. Ratione rem repellat nobis perspiciatis minus ut consectetur.', 'Labore a laudantium sunt dolor occaecati. Voluptatem quam ipsum exercitationem aut qui sed. Vel est aut voluptatibus optio voluptates et. Quod eaque perferendis sit. Ut omnis sapiente quia vel eveniet repellendus molestiae. Hic vel quis esse sit earum quas facere. Sed inventore magnam cumque rerum qui. Odit atque deleniti et alias dolores.', 'DRAFT', 'https://lorempixel.com/1200/400/?58402', '2018-03-30 20:50:07', '2018-03-30 20:50:07'),
(297, 25, 12, 'Officia alias dolor impedit quia cumque.', 'officia-alias-dolor-impedit-quia-cumque', 'Eligendi itaque modi eveniet laudantium sapiente unde. Rerum unde eaque non sint. Quaerat sed odio fugit voluptatem eos sapiente assumenda. Facilis qui ullam voluptas rerum mollitia quod dicta.', 'Quisquam vitae expedita sapiente tenetur. Quasi fugit velit quo inventore et. Mollitia ut rerum asperiores ducimus et. Accusantium sapiente veritatis molestiae. Minus id natus et et iure. Magnam et ad ipsa. Repellendus ut aut cupiditate sed culpa. Consequatur asperiores assumenda non omnis sit vitae sit fugiat. Recusandae aut enim necessitatibus quia illum. Unde quae nulla praesentium sunt. Ut rerum eos et et occaecati. Dolores qui odio labore necessitatibus qui.', 'DRAFT', 'https://lorempixel.com/1200/400/?15389', '2018-03-30 20:50:07', '2018-03-30 20:50:07'),
(298, 5, 2, 'In sunt eaque.', 'in-sunt-eaque', 'Aliquid voluptatum sint at. Exercitationem architecto dolores repellat et eos perspiciatis. Qui et voluptatum explicabo sit a. Totam quia corrupti est amet exercitationem aut necessitatibus.', 'Quis sapiente consequatur voluptatem inventore ullam. Minima blanditiis eum distinctio tempore quisquam. Dignissimos quae omnis sapiente hic quia perspiciatis. Ut harum magnam esse et illo. Repudiandae exercitationem perspiciatis ullam. Vero quisquam et necessitatibus sit sed est. Tempora facilis omnis consequatur inventore quo minima possimus. Dicta similique recusandae molestiae nulla. Et exercitationem ipsum consectetur. Saepe mollitia dolore dolorem.', 'PUBLISHED', 'https://lorempixel.com/1200/400/?80922', '2018-03-30 20:50:07', '2018-03-30 20:50:07'),
(299, 14, 19, 'Et voluptates velit hic deleniti perspiciatis.', 'et-voluptates-velit-hic-deleniti-perspiciatis', 'Rem architecto pariatur eum qui minus. Qui eveniet itaque placeat aliquam. Inventore eveniet pariatur iste enim modi hic. Laborum quaerat qui ducimus doloremque.', 'Quia nulla voluptas enim. Delectus voluptatem nobis dolorum ut quod ut. Dolores qui voluptatum aut sapiente est explicabo. Dolorem et voluptatem molestiae deserunt eligendi earum veniam. Nisi quis doloribus sit. Sunt mollitia atque fugit nihil vel vero eos. Nobis nam omnis optio dolore sapiente perferendis dolor. Vel et in voluptas dolorum deleniti ut qui harum. Tempore cumque consequatur ut excepturi nostrum.', 'DRAFT', 'https://lorempixel.com/1200/400/?73105', '2018-03-30 20:50:08', '2018-03-30 20:50:08'),
(300, 2, 7, 'Aut minus illo amet.', 'aut-minus-illo-amet', 'Et ullam distinctio est enim officia magni. Consequatur impedit incidunt eos voluptas sed. Molestias quisquam dolores dolorem rerum unde dolorem facilis.', 'Consequuntur quia vero eius doloribus corporis nihil voluptas optio. Odit veritatis ullam beatae est possimus est. Quis qui repudiandae architecto mollitia. Dignissimos odio nesciunt suscipit dignissimos. Ipsum molestias architecto illum est qui reprehenderit laudantium sit. Provident ea voluptatum amet consectetur natus qui beatae. Sunt qui non consequatur voluptates adipisci distinctio at.', 'PUBLISHED', 'https://lorempixel.com/1200/400/?29550', '2018-03-30 20:50:08', '2018-03-30 20:50:08'),
(302, 30, 21, 'Agua', 'agua', 'Cuidemos el agua', '<p>El cuidado del agua es una responsabilidad compartida socialmente y desde cada hogar se puede contribuir con simples pr&aacute;cticas de consumo eficiente para que las futuras generaciones puedan contar con este recurso indispensable para la vida.</p>', 'PUBLISHED', 'http://rchwebsystem.test/image/08QZq9kAPZJknJkYpR6hQDDoJHKeQW8em9tZ1c81.jpeg', '2018-04-06 21:21:29', '2018-04-06 21:21:29');

-- --------------------------------------------------------

--
-- Estructura de tabla para la tabla `post_tag`
--

DROP TABLE IF EXISTS `post_tag`;
CREATE TABLE `post_tag` (
  `id` int(10) UNSIGNED NOT NULL,
  `post_id` int(10) UNSIGNED NOT NULL,
  `tag_id` int(10) UNSIGNED NOT NULL,
  `created_at` timestamp NULL DEFAULT NULL,
  `updated_at` timestamp NULL DEFAULT NULL
) ENGINE=InnoDB DEFAULT CHARSET=utf8mb4 COLLATE=utf8mb4_unicode_ci;

--
-- Volcado de datos para la tabla `post_tag`
--

INSERT INTO `post_tag` (`id`, `post_id`, `tag_id`, `created_at`, `updated_at`) VALUES
(1, 1, 4, NULL, NULL),
(2, 1, 7, NULL, NULL),
(3, 1, 19, NULL, NULL),
(4, 2, 1, NULL, NULL),
(5, 2, 9, NULL, NULL),
(6, 2, 16, NULL, NULL),
(7, 3, 3, NULL, NULL),
(8, 3, 6, NULL, NULL),
(9, 3, 18, NULL, NULL),
(10, 4, 5, NULL, NULL),
(11, 4, 12, NULL, NULL),
(12, 4, 19, NULL, NULL),
(13, 5, 1, NULL, NULL),
(14, 5, 7, NULL, NULL),
(15, 5, 16, NULL, NULL),
(16, 6, 3, NULL, NULL),
(17, 6, 8, NULL, NULL),
(18, 6, 15, NULL, NULL),
(19, 7, 2, NULL, NULL),
(20, 7, 7, NULL, NULL),
(21, 7, 16, NULL, NULL),
(22, 8, 2, NULL, NULL),
(23, 8, 11, NULL, NULL),
(24, 8, 18, NULL, NULL),
(25, 9, 4, NULL, NULL),
(26, 9, 12, NULL, NULL),
(27, 9, 17, NULL, NULL),
(28, 10, 4, NULL, NULL),
(29, 10, 11, NULL, NULL),
(30, 10, 17, NULL, NULL),
(31, 11, 5, NULL, NULL),
(32, 11, 11, NULL, NULL),
(33, 11, 17, NULL, NULL),
(34, 12, 2, NULL, NULL),
(35, 12, 11, NULL, NULL),
(37, 13, 2, NULL, NULL),
(38, 13, 13, NULL, NULL),
(39, 13, 17, NULL, NULL),
(40, 14, 4, NULL, NULL),
(41, 14, 13, NULL, NULL),
(43, 15, 4, NULL, NULL),
(44, 15, 13, NULL, NULL),
(45, 15, 15, NULL, NULL),
(46, 16, 3, NULL, NULL),
(47, 16, 8, NULL, NULL),
(48, 16, 16, NULL, NULL),
(49, 17, 4, NULL, NULL),
(50, 17, 6, NULL, NULL),
(52, 18, 4, NULL, NULL),
(53, 18, 9, NULL, NULL),
(54, 18, 17, NULL, NULL),
(55, 19, 3, NULL, NULL),
(56, 19, 8, NULL, NULL),
(57, 19, 19, NULL, NULL),
(58, 20, 5, NULL, NULL),
(59, 20, 12, NULL, NULL),
(60, 20, 16, NULL, NULL),
(61, 21, 1, NULL, NULL),
(62, 21, 13, NULL, NULL),
(63, 21, 16, NULL, NULL),
(67, 23, 3, NULL, NULL),
(68, 23, 8, NULL, NULL),
(69, 23, 19, NULL, NULL),
(70, 24, 2, NULL, NULL),
(71, 24, 13, NULL, NULL),
(72, 24, 17, NULL, NULL),
(73, 25, 4, NULL, NULL),
(74, 25, 14, NULL, NULL),
(75, 25, 17, NULL, NULL),
(76, 26, 3, NULL, NULL),
(77, 26, 10, NULL, NULL),
(78, 26, 16, NULL, NULL),
(79, 27, 3, NULL, NULL),
(80, 27, 13, NULL, NULL),
(82, 28, 5, NULL, NULL),
(83, 28, 10, NULL, NULL),
(85, 29, 2, NULL, NULL),
(86, 29, 9, NULL, NULL),
(88, 30, 3, NULL, NULL),
(89, 30, 12, NULL, NULL),
(90, 30, 19, NULL, NULL),
(91, 31, 5, NULL, NULL),
(92, 31, 14, NULL, NULL),
(93, 31, 18, NULL, NULL),
(94, 32, 5, NULL, NULL),
(95, 32, 13, NULL, NULL),
(96, 32, 15, NULL, NULL),
(97, 33, 1, NULL, NULL),
(98, 33, 7, NULL, NULL),
(99, 33, 19, NULL, NULL),
(100, 34, 1, NULL, NULL),
(101, 34, 10, NULL, NULL),
(102, 34, 18, NULL, NULL),
(103, 35, 3, NULL, NULL),
(104, 35, 8, NULL, NULL),
(105, 35, 16, NULL, NULL),
(106, 36, 4, NULL, NULL),
(107, 36, 12, NULL, NULL),
(109, 37, 4, NULL, NULL),
(110, 37, 11, NULL, NULL),
(112, 38, 2, NULL, NULL),
(113, 38, 10, NULL, NULL),
(114, 38, 16, NULL, NULL),
(118, 40, 5, NULL, NULL),
(119, 40, 13, NULL, NULL),
(120, 40, 17, NULL, NULL),
(121, 41, 1, NULL, NULL),
(122, 41, 7, NULL, NULL),
(124, 42, 1, NULL, NULL),
(125, 42, 10, NULL, NULL),
(126, 42, 19, NULL, NULL),
(127, 43, 3, NULL, NULL),
(128, 43, 14, NULL, NULL),
(129, 43, 17, NULL, NULL),
(130, 44, 3, NULL, NULL),
(131, 44, 14, NULL, NULL),
(132, 44, 18, NULL, NULL),
(133, 45, 5, NULL, NULL),
(134, 45, 11, NULL, NULL),
(135, 45, 15, NULL, NULL),
(136, 46, 5, NULL, NULL),
(137, 46, 10, NULL, NULL),
(139, 47, 1, NULL, NULL),
(140, 47, 14, NULL, NULL),
(141, 47, 17, NULL, NULL),
(142, 48, 5, NULL, NULL),
(143, 48, 7, NULL, NULL),
(144, 48, 17, NULL, NULL),
(145, 49, 3, NULL, NULL),
(146, 49, 14, NULL, NULL),
(148, 50, 3, NULL, NULL),
(149, 50, 7, NULL, NULL),
(150, 50, 18, NULL, NULL),
(151, 51, 5, NULL, NULL),
(152, 51, 13, NULL, NULL),
(154, 52, 2, NULL, NULL),
(155, 52, 10, NULL, NULL),
(156, 52, 16, NULL, NULL),
(157, 53, 1, NULL, NULL),
(158, 53, 6, NULL, NULL),
(159, 53, 19, NULL, NULL),
(160, 54, 1, NULL, NULL),
(161, 54, 9, NULL, NULL),
(162, 54, 18, NULL, NULL),
(163, 55, 5, NULL, NULL),
(164, 55, 10, NULL, NULL),
(165, 55, 16, NULL, NULL),
(166, 56, 5, NULL, NULL),
(167, 56, 8, NULL, NULL),
(168, 56, 16, NULL, NULL),
(169, 57, 3, NULL, NULL),
(170, 57, 6, NULL, NULL),
(172, 58, 5, NULL, NULL),
(173, 58, 9, NULL, NULL),
(174, 58, 17, NULL, NULL),
(175, 59, 4, NULL, NULL),
(176, 59, 6, NULL, NULL),
(177, 59, 18, NULL, NULL),
(178, 60, 4, NULL, NULL),
(179, 60, 8, NULL, NULL),
(180, 60, 19, NULL, NULL),
(181, 61, 2, NULL, NULL),
(182, 61, 10, NULL, NULL),
(184, 62, 4, NULL, NULL),
(185, 62, 12, NULL, NULL),
(190, 64, 5, NULL, NULL),
(191, 64, 14, NULL, NULL),
(192, 64, 19, NULL, NULL),
(196, 66, 2, NULL, NULL),
(197, 66, 11, NULL, NULL),
(198, 66, 16, NULL, NULL),
(199, 67, 5, NULL, NULL),
(200, 67, 9, NULL, NULL),
(201, 67, 16, NULL, NULL),
(202, 68, 1, NULL, NULL),
(203, 68, 12, NULL, NULL),
(204, 68, 17, NULL, NULL),
(205, 69, 3, NULL, NULL),
(206, 69, 9, NULL, NULL),
(208, 70, 3, NULL, NULL),
(209, 70, 12, NULL, NULL),
(210, 70, 18, NULL, NULL),
(211, 71, 1, NULL, NULL),
(212, 71, 8, NULL, NULL),
(214, 72, 4, NULL, NULL),
(215, 72, 14, NULL, NULL),
(216, 72, 15, NULL, NULL),
(217, 73, 4, NULL, NULL),
(218, 73, 14, NULL, NULL),
(219, 73, 15, NULL, NULL),
(220, 74, 3, NULL, NULL),
(221, 74, 12, NULL, NULL),
(222, 74, 16, NULL, NULL),
(223, 75, 1, NULL, NULL),
(224, 75, 14, NULL, NULL),
(225, 75, 16, NULL, NULL),
(226, 76, 4, NULL, NULL),
(227, 76, 13, NULL, NULL),
(228, 76, 16, NULL, NULL),
(229, 77, 3, NULL, NULL),
(230, 77, 11, NULL, NULL),
(231, 77, 17, NULL, NULL),
(232, 78, 5, NULL, NULL),
(233, 78, 11, NULL, NULL),
(235, 79, 5, NULL, NULL),
(236, 79, 8, NULL, NULL),
(237, 79, 18, NULL, NULL),
(238, 80, 2, NULL, NULL),
(239, 80, 11, NULL, NULL),
(240, 80, 18, NULL, NULL),
(241, 81, 3, NULL, NULL),
(242, 81, 6, NULL, NULL),
(244, 82, 4, NULL, NULL),
(245, 82, 14, NULL, NULL),
(246, 82, 18, NULL, NULL),
(247, 83, 4, NULL, NULL),
(248, 83, 8, NULL, NULL),
(249, 83, 17, NULL, NULL),
(250, 84, 1, NULL, NULL),
(251, 84, 7, NULL, NULL),
(252, 84, 15, NULL, NULL),
(253, 85, 4, NULL, NULL),
(254, 85, 9, NULL, NULL),
(255, 85, 16, NULL, NULL),
(256, 86, 2, NULL, NULL),
(257, 86, 14, NULL, NULL),
(258, 86, 15, NULL, NULL),
(259, 87, 5, NULL, NULL),
(260, 87, 10, NULL, NULL),
(261, 87, 17, NULL, NULL),
(262, 88, 4, NULL, NULL),
(263, 88, 13, NULL, NULL),
(264, 88, 15, NULL, NULL),
(265, 89, 1, NULL, NULL),
(266, 89, 8, NULL, NULL),
(267, 89, 15, NULL, NULL),
(268, 90, 3, NULL, NULL),
(269, 90, 10, NULL, NULL),
(270, 90, 19, NULL, NULL),
(271, 91, 3, NULL, NULL),
(272, 91, 13, NULL, NULL),
(273, 91, 18, NULL, NULL),
(274, 92, 1, NULL, NULL),
(275, 92, 9, NULL, NULL),
(276, 92, 16, NULL, NULL),
(277, 93, 5, NULL, NULL),
(278, 93, 8, NULL, NULL),
(280, 94, 4, NULL, NULL),
(281, 94, 6, NULL, NULL),
(282, 94, 15, NULL, NULL),
(283, 95, 4, NULL, NULL),
(284, 95, 13, NULL, NULL),
(285, 95, 18, NULL, NULL),
(286, 96, 4, NULL, NULL),
(287, 96, 13, NULL, NULL),
(288, 96, 19, NULL, NULL),
(289, 97, 5, NULL, NULL),
(290, 97, 14, NULL, NULL),
(292, 98, 1, NULL, NULL),
(293, 98, 13, NULL, NULL),
(298, 100, 4, NULL, NULL),
(299, 100, 8, NULL, NULL),
(300, 100, 16, NULL, NULL),
(301, 101, 1, NULL, NULL),
(302, 101, 8, NULL, NULL),
(303, 101, 19, NULL, NULL),
(304, 102, 4, NULL, NULL),
(305, 102, 14, NULL, NULL),
(306, 102, 19, NULL, NULL),
(307, 103, 5, NULL, NULL),
(308, 103, 9, NULL, NULL),
(309, 103, 15, NULL, NULL),
(310, 104, 3, NULL, NULL),
(311, 104, 6, NULL, NULL),
(312, 104, 17, NULL, NULL),
(313, 105, 2, NULL, NULL),
(314, 105, 14, NULL, NULL),
(315, 105, 19, NULL, NULL),
(316, 106, 2, NULL, NULL),
(317, 106, 11, NULL, NULL),
(318, 106, 17, NULL, NULL),
(319, 107, 1, NULL, NULL),
(320, 107, 10, NULL, NULL),
(321, 107, 15, NULL, NULL),
(322, 108, 1, NULL, NULL),
(323, 108, 9, NULL, NULL),
(324, 108, 18, NULL, NULL),
(325, 109, 5, NULL, NULL),
(326, 109, 9, NULL, NULL),
(328, 110, 5, NULL, NULL),
(329, 110, 14, NULL, NULL),
(330, 110, 17, NULL, NULL),
(331, 111, 1, NULL, NULL),
(332, 111, 6, NULL, NULL),
(333, 111, 17, NULL, NULL),
(334, 112, 4, NULL, NULL),
(335, 112, 7, NULL, NULL),
(336, 112, 15, NULL, NULL),
(337, 113, 1, NULL, NULL),
(338, 113, 12, NULL, NULL),
(339, 113, 16, NULL, NULL),
(340, 114, 5, NULL, NULL),
(341, 114, 9, NULL, NULL),
(343, 115, 4, NULL, NULL),
(344, 115, 7, NULL, NULL),
(345, 115, 15, NULL, NULL),
(346, 116, 4, NULL, NULL),
(347, 116, 7, NULL, NULL),
(348, 116, 15, NULL, NULL),
(349, 117, 3, NULL, NULL),
(350, 117, 8, NULL, NULL),
(351, 117, 16, NULL, NULL),
(352, 118, 5, NULL, NULL),
(353, 118, 11, NULL, NULL),
(355, 119, 4, NULL, NULL),
(356, 119, 8, NULL, NULL),
(357, 119, 18, NULL, NULL),
(358, 120, 4, NULL, NULL),
(359, 120, 14, NULL, NULL),
(360, 120, 17, NULL, NULL),
(361, 121, 1, NULL, NULL),
(362, 121, 7, NULL, NULL),
(363, 121, 16, NULL, NULL),
(364, 122, 5, NULL, NULL),
(365, 122, 7, NULL, NULL),
(366, 122, 16, NULL, NULL),
(367, 123, 4, NULL, NULL),
(368, 123, 11, NULL, NULL),
(369, 123, 18, NULL, NULL),
(370, 124, 1, NULL, NULL),
(371, 124, 10, NULL, NULL),
(372, 124, 15, NULL, NULL),
(373, 125, 5, NULL, NULL),
(374, 125, 10, NULL, NULL),
(375, 125, 17, NULL, NULL),
(376, 126, 5, NULL, NULL),
(377, 126, 12, NULL, NULL),
(378, 126, 17, NULL, NULL),
(379, 127, 3, NULL, NULL),
(380, 127, 11, NULL, NULL),
(381, 127, 16, NULL, NULL),
(382, 128, 2, NULL, NULL),
(383, 128, 10, NULL, NULL),
(384, 128, 18, NULL, NULL),
(385, 129, 2, NULL, NULL),
(386, 129, 11, NULL, NULL),
(387, 129, 19, NULL, NULL),
(388, 130, 5, NULL, NULL),
(389, 130, 7, NULL, NULL),
(390, 130, 18, NULL, NULL),
(391, 131, 3, NULL, NULL),
(392, 131, 8, NULL, NULL),
(393, 131, 19, NULL, NULL),
(394, 132, 2, NULL, NULL),
(395, 132, 14, NULL, NULL),
(397, 133, 5, NULL, NULL),
(398, 133, 14, NULL, NULL),
(399, 133, 16, NULL, NULL),
(400, 134, 5, NULL, NULL),
(401, 134, 14, NULL, NULL),
(402, 134, 18, NULL, NULL),
(403, 135, 3, NULL, NULL),
(404, 135, 7, NULL, NULL),
(405, 135, 19, NULL, NULL),
(406, 136, 5, NULL, NULL),
(407, 136, 14, NULL, NULL),
(409, 137, 3, NULL, NULL),
(410, 137, 11, NULL, NULL),
(411, 137, 19, NULL, NULL),
(412, 138, 5, NULL, NULL),
(413, 138, 14, NULL, NULL),
(414, 138, 19, NULL, NULL),
(415, 139, 2, NULL, NULL),
(416, 139, 14, NULL, NULL),
(417, 139, 16, NULL, NULL),
(418, 140, 3, NULL, NULL),
(419, 140, 13, NULL, NULL),
(420, 140, 19, NULL, NULL),
(421, 141, 2, NULL, NULL),
(422, 141, 10, NULL, NULL),
(424, 142, 3, NULL, NULL),
(425, 142, 7, NULL, NULL),
(426, 142, 18, NULL, NULL),
(427, 143, 2, NULL, NULL),
(428, 143, 7, NULL, NULL),
(430, 144, 1, NULL, NULL),
(431, 144, 10, NULL, NULL),
(432, 144, 19, NULL, NULL),
(433, 145, 5, NULL, NULL),
(434, 145, 12, NULL, NULL),
(435, 145, 19, NULL, NULL),
(436, 146, 2, NULL, NULL),
(437, 146, 11, NULL, NULL),
(438, 146, 17, NULL, NULL),
(439, 147, 5, NULL, NULL),
(440, 147, 11, NULL, NULL),
(441, 147, 16, NULL, NULL),
(442, 148, 2, NULL, NULL),
(443, 148, 9, NULL, NULL),
(444, 148, 16, NULL, NULL),
(445, 149, 2, NULL, NULL),
(446, 149, 14, NULL, NULL),
(447, 149, 19, NULL, NULL),
(448, 150, 1, NULL, NULL),
(449, 150, 13, NULL, NULL),
(450, 150, 16, NULL, NULL),
(451, 151, 4, NULL, NULL),
(452, 151, 13, NULL, NULL),
(454, 152, 4, NULL, NULL),
(455, 152, 7, NULL, NULL),
(457, 153, 2, NULL, NULL),
(458, 153, 12, NULL, NULL),
(460, 154, 4, NULL, NULL),
(461, 154, 6, NULL, NULL),
(462, 154, 16, NULL, NULL),
(463, 155, 1, NULL, NULL),
(464, 155, 8, NULL, NULL),
(465, 155, 15, NULL, NULL),
(466, 156, 2, NULL, NULL),
(467, 156, 12, NULL, NULL),
(468, 156, 15, NULL, NULL),
(469, 157, 4, NULL, NULL),
(470, 157, 14, NULL, NULL),
(471, 157, 15, NULL, NULL),
(472, 158, 5, NULL, NULL),
(473, 158, 10, NULL, NULL),
(474, 158, 19, NULL, NULL),
(475, 159, 5, NULL, NULL),
(476, 159, 7, NULL, NULL),
(477, 159, 17, NULL, NULL),
(478, 160, 1, NULL, NULL),
(479, 160, 14, NULL, NULL),
(480, 160, 18, NULL, NULL),
(481, 161, 3, NULL, NULL),
(482, 161, 13, NULL, NULL),
(483, 161, 18, NULL, NULL),
(487, 163, 4, NULL, NULL),
(488, 163, 14, NULL, NULL),
(489, 163, 16, NULL, NULL),
(490, 164, 1, NULL, NULL),
(491, 164, 6, NULL, NULL),
(492, 164, 18, NULL, NULL),
(493, 165, 5, NULL, NULL),
(494, 165, 10, NULL, NULL),
(496, 166, 2, NULL, NULL),
(497, 166, 10, NULL, NULL),
(498, 166, 17, NULL, NULL),
(499, 167, 4, NULL, NULL),
(500, 167, 9, NULL, NULL),
(501, 167, 17, NULL, NULL),
(502, 168, 2, NULL, NULL),
(503, 168, 6, NULL, NULL),
(504, 168, 16, NULL, NULL),
(505, 169, 2, NULL, NULL),
(506, 169, 7, NULL, NULL),
(511, 171, 1, NULL, NULL),
(512, 171, 14, NULL, NULL),
(514, 172, 1, NULL, NULL),
(515, 172, 12, NULL, NULL),
(516, 172, 16, NULL, NULL),
(517, 173, 4, NULL, NULL),
(518, 173, 9, NULL, NULL),
(519, 173, 19, NULL, NULL),
(520, 174, 1, NULL, NULL),
(521, 174, 8, NULL, NULL),
(522, 174, 19, NULL, NULL),
(523, 175, 3, NULL, NULL),
(524, 175, 7, NULL, NULL),
(526, 176, 3, NULL, NULL),
(527, 176, 13, NULL, NULL),
(528, 176, 16, NULL, NULL),
(529, 177, 3, NULL, NULL),
(530, 177, 13, NULL, NULL),
(531, 177, 19, NULL, NULL),
(532, 178, 5, NULL, NULL),
(533, 178, 11, NULL, NULL),
(534, 178, 15, NULL, NULL),
(535, 179, 2, NULL, NULL),
(536, 179, 6, NULL, NULL),
(537, 179, 18, NULL, NULL),
(538, 180, 2, NULL, NULL),
(539, 180, 11, NULL, NULL),
(540, 180, 18, NULL, NULL),
(541, 181, 4, NULL, NULL),
(542, 181, 9, NULL, NULL),
(543, 181, 18, NULL, NULL),
(544, 182, 3, NULL, NULL),
(545, 182, 7, NULL, NULL),
(546, 182, 19, NULL, NULL),
(547, 183, 5, NULL, NULL),
(548, 183, 9, NULL, NULL),
(549, 183, 16, NULL, NULL),
(550, 184, 4, NULL, NULL),
(551, 184, 7, NULL, NULL),
(552, 184, 19, NULL, NULL),
(553, 185, 5, NULL, NULL),
(554, 185, 9, NULL, NULL),
(555, 185, 17, NULL, NULL),
(556, 186, 2, NULL, NULL),
(557, 186, 7, NULL, NULL),
(558, 186, 17, NULL, NULL),
(559, 187, 1, NULL, NULL),
(560, 187, 9, NULL, NULL),
(561, 187, 15, NULL, NULL),
(562, 188, 2, NULL, NULL),
(563, 188, 11, NULL, NULL),
(564, 188, 16, NULL, NULL),
(565, 189, 1, NULL, NULL),
(566, 189, 10, NULL, NULL),
(567, 189, 18, NULL, NULL),
(568, 190, 5, NULL, NULL),
(569, 190, 8, NULL, NULL),
(571, 191, 4, NULL, NULL),
(572, 191, 12, NULL, NULL),
(573, 191, 19, NULL, NULL),
(574, 192, 1, NULL, NULL),
(575, 192, 8, NULL, NULL),
(576, 192, 18, NULL, NULL),
(577, 193, 4, NULL, NULL),
(578, 193, 7, NULL, NULL),
(579, 193, 17, NULL, NULL),
(580, 194, 4, NULL, NULL),
(581, 194, 7, NULL, NULL),
(582, 194, 15, NULL, NULL),
(583, 195, 4, NULL, NULL),
(584, 195, 14, NULL, NULL),
(585, 195, 15, NULL, NULL),
(586, 196, 1, NULL, NULL),
(587, 196, 8, NULL, NULL),
(588, 196, 19, NULL, NULL),
(589, 197, 2, NULL, NULL),
(590, 197, 13, NULL, NULL),
(591, 197, 18, NULL, NULL),
(592, 198, 5, NULL, NULL),
(593, 198, 8, NULL, NULL),
(594, 198, 18, NULL, NULL),
(595, 199, 3, NULL, NULL),
(596, 199, 7, NULL, NULL),
(597, 199, 15, NULL, NULL),
(598, 200, 5, NULL, NULL),
(599, 200, 8, NULL, NULL),
(600, 200, 16, NULL, NULL),
(601, 201, 2, NULL, NULL),
(602, 201, 8, NULL, NULL),
(603, 201, 19, NULL, NULL),
(604, 202, 2, NULL, NULL),
(605, 202, 6, NULL, NULL),
(606, 202, 18, NULL, NULL),
(607, 203, 5, NULL, NULL),
(608, 203, 14, NULL, NULL),
(609, 203, 16, NULL, NULL),
(610, 204, 4, NULL, NULL),
(611, 204, 10, NULL, NULL),
(612, 204, 16, NULL, NULL),
(613, 205, 4, NULL, NULL),
(614, 205, 12, NULL, NULL),
(615, 205, 16, NULL, NULL),
(616, 206, 1, NULL, NULL),
(617, 206, 14, NULL, NULL),
(618, 206, 16, NULL, NULL),
(619, 207, 3, NULL, NULL),
(620, 207, 14, NULL, NULL),
(622, 208, 2, NULL, NULL),
(623, 208, 8, NULL, NULL),
(624, 208, 16, NULL, NULL),
(625, 209, 5, NULL, NULL),
(626, 209, 12, NULL, NULL),
(627, 209, 15, NULL, NULL),
(628, 210, 3, NULL, NULL),
(629, 210, 14, NULL, NULL),
(630, 210, 15, NULL, NULL),
(631, 211, 5, NULL, NULL),
(632, 211, 9, NULL, NULL),
(633, 211, 19, NULL, NULL),
(634, 212, 4, NULL, NULL),
(635, 212, 7, NULL, NULL),
(637, 213, 1, NULL, NULL),
(638, 213, 6, NULL, NULL),
(639, 213, 17, NULL, NULL),
(640, 214, 1, NULL, NULL),
(641, 214, 8, NULL, NULL),
(642, 214, 15, NULL, NULL),
(643, 215, 1, NULL, NULL),
(644, 215, 13, NULL, NULL),
(645, 215, 19, NULL, NULL),
(646, 216, 3, NULL, NULL),
(647, 216, 14, NULL, NULL),
(648, 216, 18, NULL, NULL),
(649, 217, 1, NULL, NULL),
(650, 217, 11, NULL, NULL),
(651, 217, 17, NULL, NULL),
(652, 218, 1, NULL, NULL),
(653, 218, 14, NULL, NULL),
(654, 218, 19, NULL, NULL),
(655, 219, 4, NULL, NULL),
(656, 219, 7, NULL, NULL),
(657, 219, 19, NULL, NULL),
(658, 220, 5, NULL, NULL),
(659, 220, 12, NULL, NULL),
(660, 220, 15, NULL, NULL),
(661, 221, 4, NULL, NULL),
(662, 221, 14, NULL, NULL),
(663, 221, 15, NULL, NULL),
(664, 222, 1, NULL, NULL),
(665, 222, 13, NULL, NULL),
(666, 222, 17, NULL, NULL),
(667, 223, 5, NULL, NULL),
(668, 223, 7, NULL, NULL),
(669, 223, 15, NULL, NULL),
(670, 224, 4, NULL, NULL),
(671, 224, 13, NULL, NULL),
(672, 224, 19, NULL, NULL),
(673, 225, 5, NULL, NULL),
(674, 225, 11, NULL, NULL),
(676, 226, 4, NULL, NULL),
(677, 226, 11, NULL, NULL),
(678, 226, 16, NULL, NULL),
(679, 227, 5, NULL, NULL),
(680, 227, 8, NULL, NULL),
(682, 228, 5, NULL, NULL),
(683, 228, 10, NULL, NULL),
(685, 229, 2, NULL, NULL),
(686, 229, 9, NULL, NULL),
(688, 230, 4, NULL, NULL),
(689, 230, 8, NULL, NULL),
(690, 230, 19, NULL, NULL),
(691, 231, 4, NULL, NULL),
(692, 231, 7, NULL, NULL),
(693, 231, 15, NULL, NULL),
(694, 232, 1, NULL, NULL),
(695, 232, 12, NULL, NULL),
(696, 232, 19, NULL, NULL),
(697, 233, 5, NULL, NULL),
(698, 233, 9, NULL, NULL),
(699, 233, 18, NULL, NULL),
(700, 234, 3, NULL, NULL),
(701, 234, 12, NULL, NULL),
(702, 234, 17, NULL, NULL),
(703, 235, 3, NULL, NULL),
(704, 235, 8, NULL, NULL),
(705, 235, 16, NULL, NULL),
(706, 236, 3, NULL, NULL),
(707, 236, 6, NULL, NULL),
(708, 236, 18, NULL, NULL),
(709, 237, 5, NULL, NULL),
(710, 237, 8, NULL, NULL),
(711, 237, 15, NULL, NULL),
(712, 238, 4, NULL, NULL),
(713, 238, 11, NULL, NULL),
(714, 238, 16, NULL, NULL),
(715, 239, 4, NULL, NULL),
(716, 239, 6, NULL, NULL),
(717, 239, 17, NULL, NULL),
(718, 240, 5, NULL, NULL),
(719, 240, 12, NULL, NULL),
(720, 240, 19, NULL, NULL),
(721, 241, 5, NULL, NULL),
(722, 241, 11, NULL, NULL),
(723, 241, 17, NULL, NULL),
(724, 242, 1, NULL, NULL),
(725, 242, 9, NULL, NULL),
(726, 242, 18, NULL, NULL),
(727, 243, 2, NULL, NULL),
(728, 243, 11, NULL, NULL),
(729, 243, 16, NULL, NULL),
(730, 244, 1, NULL, NULL),
(731, 244, 12, NULL, NULL),
(733, 245, 3, NULL, NULL),
(734, 245, 6, NULL, NULL),
(735, 245, 17, NULL, NULL),
(736, 246, 3, NULL, NULL),
(737, 246, 11, NULL, NULL),
(738, 246, 18, NULL, NULL),
(739, 247, 4, NULL, NULL),
(740, 247, 10, NULL, NULL),
(741, 247, 19, NULL, NULL),
(742, 248, 3, NULL, NULL),
(743, 248, 6, NULL, NULL),
(744, 248, 17, NULL, NULL),
(745, 249, 1, NULL, NULL),
(746, 249, 12, NULL, NULL),
(747, 249, 18, NULL, NULL),
(748, 250, 4, NULL, NULL),
(749, 250, 11, NULL, NULL),
(751, 251, 3, NULL, NULL),
(752, 251, 7, NULL, NULL),
(753, 251, 15, NULL, NULL),
(754, 252, 3, NULL, NULL),
(755, 252, 6, NULL, NULL),
(756, 252, 18, NULL, NULL),
(757, 253, 3, NULL, NULL),
(758, 253, 7, NULL, NULL),
(759, 253, 18, NULL, NULL),
(760, 254, 1, NULL, NULL),
(761, 254, 12, NULL, NULL),
(762, 254, 16, NULL, NULL),
(763, 255, 2, NULL, NULL),
(764, 255, 10, NULL, NULL),
(765, 255, 16, NULL, NULL),
(766, 256, 3, NULL, NULL),
(767, 256, 10, NULL, NULL),
(768, 256, 19, NULL, NULL),
(769, 257, 5, NULL, NULL),
(770, 257, 10, NULL, NULL),
(771, 257, 15, NULL, NULL),
(772, 258, 2, NULL, NULL),
(773, 258, 12, NULL, NULL),
(774, 258, 18, NULL, NULL),
(775, 259, 1, NULL, NULL),
(776, 259, 7, NULL, NULL),
(778, 260, 1, NULL, NULL),
(779, 260, 13, NULL, NULL),
(780, 260, 16, NULL, NULL),
(781, 261, 5, NULL, NULL),
(782, 261, 9, NULL, NULL),
(783, 261, 17, NULL, NULL),
(784, 262, 2, NULL, NULL),
(785, 262, 6, NULL, NULL),
(786, 262, 15, NULL, NULL),
(787, 263, 3, NULL, NULL),
(788, 263, 9, NULL, NULL),
(789, 263, 16, NULL, NULL),
(790, 264, 1, NULL, NULL),
(791, 264, 6, NULL, NULL),
(792, 264, 16, NULL, NULL),
(793, 265, 3, NULL, NULL),
(794, 265, 8, NULL, NULL),
(795, 265, 18, NULL, NULL),
(796, 266, 4, NULL, NULL),
(797, 266, 9, NULL, NULL),
(798, 266, 18, NULL, NULL),
(799, 267, 4, NULL, NULL),
(800, 267, 6, NULL, NULL),
(801, 267, 19, NULL, NULL),
(802, 268, 2, NULL, NULL),
(803, 268, 10, NULL, NULL),
(804, 268, 15, NULL, NULL),
(805, 269, 5, NULL, NULL),
(806, 269, 14, NULL, NULL),
(807, 269, 18, NULL, NULL),
(808, 270, 3, NULL, NULL),
(809, 270, 13, NULL, NULL),
(810, 270, 17, NULL, NULL),
(811, 271, 4, NULL, NULL),
(812, 271, 12, NULL, NULL),
(813, 271, 15, NULL, NULL),
(814, 272, 4, NULL, NULL),
(815, 272, 9, NULL, NULL),
(816, 272, 18, NULL, NULL),
(817, 273, 2, NULL, NULL),
(818, 273, 7, NULL, NULL),
(819, 273, 18, NULL, NULL),
(820, 274, 3, NULL, NULL),
(821, 274, 8, NULL, NULL),
(822, 274, 19, NULL, NULL),
(823, 275, 5, NULL, NULL),
(824, 275, 10, NULL, NULL),
(825, 275, 17, NULL, NULL),
(826, 276, 2, NULL, NULL),
(827, 276, 11, NULL, NULL),
(828, 276, 15, NULL, NULL),
(829, 277, 1, NULL, NULL),
(830, 277, 8, NULL, NULL),
(831, 277, 19, NULL, NULL),
(832, 278, 2, NULL, NULL),
(833, 278, 7, NULL, NULL),
(834, 278, 19, NULL, NULL),
(835, 279, 5, NULL, NULL),
(836, 279, 10, NULL, NULL),
(837, 279, 18, NULL, NULL),
(838, 280, 4, NULL, NULL),
(839, 280, 10, NULL, NULL),
(840, 280, 17, NULL, NULL),
(841, 281, 1, NULL, NULL),
(842, 281, 10, NULL, NULL),
(844, 282, 1, NULL, NULL),
(845, 282, 6, NULL, NULL),
(847, 283, 3, NULL, NULL),
(848, 283, 8, NULL, NULL),
(849, 283, 18, NULL, NULL),
(850, 284, 5, NULL, NULL),
(851, 284, 14, NULL, NULL),
(852, 284, 18, NULL, NULL),
(853, 285, 5, NULL, NULL),
(854, 285, 9, NULL, NULL),
(855, 285, 17, NULL, NULL),
(856, 286, 3, NULL, NULL),
(857, 286, 9, NULL, NULL),
(858, 286, 17, NULL, NULL),
(859, 287, 3, NULL, NULL),
(860, 287, 12, NULL, NULL),
(861, 287, 16, NULL, NULL),
(865, 289, 2, NULL, NULL),
(866, 289, 11, NULL, NULL),
(868, 290, 4, NULL, NULL),
(869, 290, 9, NULL, NULL),
(871, 291, 4, NULL, NULL),
(872, 291, 11, NULL, NULL),
(873, 291, 16, NULL, NULL),
(874, 292, 2, NULL, NULL),
(875, 292, 7, NULL, NULL),
(880, 294, 1, NULL, NULL),
(881, 294, 14, NULL, NULL),
(882, 294, 16, NULL, NULL),
(883, 295, 2, NULL, NULL),
(884, 295, 10, NULL, NULL),
(885, 295, 16, NULL, NULL),
(886, 296, 2, NULL, NULL),
(887, 296, 10, NULL, NULL),
(888, 296, 16, NULL, NULL),
(889, 297, 1, NULL, NULL),
(890, 297, 10, NULL, NULL),
(892, 298, 2, NULL, NULL),
(893, 298, 12, NULL, NULL),
(894, 298, 15, NULL, NULL),
(895, 299, 4, NULL, NULL),
(896, 299, 10, NULL, NULL),
(897, 299, 19, NULL, NULL),
(898, 300, 1, NULL, NULL),
(899, 300, 13, NULL, NULL),
(900, 300, 16, NULL, NULL),
(902, 302, 21, NULL, NULL);

-- --------------------------------------------------------

--
-- Estructura de tabla para la tabla `tags`
--

DROP TABLE IF EXISTS `tags`;
CREATE TABLE `tags` (
  `id` int(10) UNSIGNED NOT NULL,
  `name` varchar(128) COLLATE utf8mb4_unicode_ci NOT NULL,
  `slug` varchar(128) COLLATE utf8mb4_unicode_ci NOT NULL,
  `created_at` timestamp NULL DEFAULT NULL,
  `updated_at` timestamp NULL DEFAULT NULL
) ENGINE=InnoDB DEFAULT CHARSET=utf8mb4 COLLATE=utf8mb4_unicode_ci;

--
-- Volcado de datos para la tabla `tags`
--

INSERT INTO `tags` (`id`, `name`, `slug`, `created_at`, `updated_at`) VALUES
(1, 'qui', 'qui', '2018-03-30 20:49:49', '2018-03-30 20:49:49'),
(2, 'repellendus', 'repellendus', '2018-03-30 20:49:49', '2018-03-30 20:49:49'),
(3, 'sint', 'sint', '2018-03-30 20:49:49', '2018-03-30 20:49:49'),
(4, 'provident', 'provident', '2018-03-30 20:49:49', '2018-03-30 20:49:49'),
(5, 'laboriosam', 'laboriosam', '2018-03-30 20:49:49', '2018-03-30 20:49:49'),
(6, 'tenetur', 'tenetur', '2018-03-30 20:49:49', '2018-03-30 20:49:49'),
(7, 'natus', 'natus', '2018-03-30 20:49:49', '2018-03-30 20:49:49'),
(8, 'voluptatem', 'voluptatem', '2018-03-30 20:49:49', '2018-03-30 20:49:49'),
(9, 'eum', 'eum', '2018-03-30 20:49:49', '2018-03-30 20:49:49'),
(10, 'et', 'et', '2018-03-30 20:49:49', '2018-03-30 20:49:49'),
(11, 'fugiat', 'fugiat', '2018-03-30 20:49:49', '2018-03-30 20:49:49'),
(12, 'aut', 'aut', '2018-03-30 20:49:50', '2018-03-30 20:49:50'),
(13, 'quas', 'quas', '2018-03-30 20:49:50', '2018-03-30 20:49:50'),
(14, 'nobis', 'nobis', '2018-03-30 20:49:50', '2018-03-30 20:49:50'),
(15, 'nemo', 'nemo', '2018-03-30 20:49:50', '2018-03-30 20:49:50'),
(16, 'corporis', 'corporis', '2018-03-30 20:49:50', '2018-03-30 20:49:50'),
(17, 'praesentium', 'praesentium', '2018-03-30 20:49:50', '2018-03-30 20:49:50'),
(18, 'numquam', 'numquam', '2018-03-30 20:49:50', '2018-03-30 20:49:50'),
(19, 'officiis', 'officiis', '2018-03-30 20:49:50', '2018-03-30 20:49:50'),
(21, 'Agua', 'agua', '2018-04-06 21:02:12', '2018-04-06 21:02:12');

-- --------------------------------------------------------

--
-- Estructura de tabla para la tabla `users`
--

DROP TABLE IF EXISTS `users`;
CREATE TABLE `users` (
  `id` int(10) UNSIGNED NOT NULL,
  `name` varchar(255) COLLATE utf8mb4_unicode_ci NOT NULL,
  `email` varchar(255) COLLATE utf8mb4_unicode_ci NOT NULL,
  `password` varchar(255) COLLATE utf8mb4_unicode_ci NOT NULL,
  `remember_token` varchar(100) COLLATE utf8mb4_unicode_ci DEFAULT NULL,
  `created_at` timestamp NULL DEFAULT NULL,
  `updated_at` timestamp NULL DEFAULT NULL
) ENGINE=InnoDB DEFAULT CHARSET=utf8mb4 COLLATE=utf8mb4_unicode_ci;

--
-- Volcado de datos para la tabla `users`
--

INSERT INTO `users` (`id`, `name`, `email`, `password`, `remember_token`, `created_at`, `updated_at`) VALUES
(1, 'Kayden Howell Sr.', 'emmerich.creola@example.net', '$2y$10$TKh8H1.PfQx37YgCzwiKb.KjNyWgaHb9cbcoQgdIVFlYg7B77UdFm', 'gp5oS8l56S', '2018-03-30 20:49:46', '2018-03-30 20:49:46'),
(2, 'Mr. Fermin Ebert', 'gottlieb.dario@example.com', '$2y$10$TKh8H1.PfQx37YgCzwiKb.KjNyWgaHb9cbcoQgdIVFlYg7B77UdFm', 'e2TkJizMwq', '2018-03-30 20:49:46', '2018-03-30 20:49:46'),
(3, 'Nina Bartell', 'yazmin49@example.org', '$2y$10$TKh8H1.PfQx37YgCzwiKb.KjNyWgaHb9cbcoQgdIVFlYg7B77UdFm', 'tCyOn0Kjcc', '2018-03-30 20:49:46', '2018-03-30 20:49:46'),
(4, 'Dr. Lisandro Greenfelder Jr.', 'dschoen@example.com', '$2y$10$TKh8H1.PfQx37YgCzwiKb.KjNyWgaHb9cbcoQgdIVFlYg7B77UdFm', 'fIijJGpdZJ', '2018-03-30 20:49:46', '2018-03-30 20:49:46'),
(5, 'Gerard Schuppe I', 'ewald71@example.org', '$2y$10$TKh8H1.PfQx37YgCzwiKb.KjNyWgaHb9cbcoQgdIVFlYg7B77UdFm', 'nM2XV0AT82', '2018-03-30 20:49:46', '2018-03-30 20:49:46'),
(6, 'Milton Strosin Sr.', 'saul.hilpert@example.org', '$2y$10$TKh8H1.PfQx37YgCzwiKb.KjNyWgaHb9cbcoQgdIVFlYg7B77UdFm', 'XA5P0D6N7G', '2018-03-30 20:49:46', '2018-03-30 20:49:46'),
(7, 'Carmela Reynolds', 'ydaniel@example.com', '$2y$10$TKh8H1.PfQx37YgCzwiKb.KjNyWgaHb9cbcoQgdIVFlYg7B77UdFm', 'zHZ6o8IYdT', '2018-03-30 20:49:46', '2018-03-30 20:49:46'),
(8, 'Chloe Leuschke DVM', 'vhessel@example.org', '$2y$10$TKh8H1.PfQx37YgCzwiKb.KjNyWgaHb9cbcoQgdIVFlYg7B77UdFm', '4D3WHI0OGI', '2018-03-30 20:49:46', '2018-03-30 20:49:46'),
(9, 'Gustave Jacobs', 'osinski.virgil@example.org', '$2y$10$TKh8H1.PfQx37YgCzwiKb.KjNyWgaHb9cbcoQgdIVFlYg7B77UdFm', '2Re0TMMtvy', '2018-03-30 20:49:46', '2018-03-30 20:49:46'),
(10, 'Vidal Hammes', 'lmckenzie@example.org', '$2y$10$TKh8H1.PfQx37YgCzwiKb.KjNyWgaHb9cbcoQgdIVFlYg7B77UdFm', '056JetSUQf', '2018-03-30 20:49:46', '2018-03-30 20:49:46'),
(11, 'Mr. Greg Langosh', 'ikessler@example.com', '$2y$10$TKh8H1.PfQx37YgCzwiKb.KjNyWgaHb9cbcoQgdIVFlYg7B77UdFm', 'gLJMpMC9TI', '2018-03-30 20:49:46', '2018-03-30 20:49:46'),
(12, 'Mr. Samir Bayer', 'wstokes@example.com', '$2y$10$TKh8H1.PfQx37YgCzwiKb.KjNyWgaHb9cbcoQgdIVFlYg7B77UdFm', 'ozRM7Qj1fB', '2018-03-30 20:49:46', '2018-03-30 20:49:46'),
(13, 'Alta Reilly', 'gorczany.kayleigh@example.org', '$2y$10$TKh8H1.PfQx37YgCzwiKb.KjNyWgaHb9cbcoQgdIVFlYg7B77UdFm', 'HfyLpDroA8', '2018-03-30 20:49:46', '2018-03-30 20:49:46'),
(14, 'Francisco Muller', 'gutmann.magdalena@example.org', '$2y$10$TKh8H1.PfQx37YgCzwiKb.KjNyWgaHb9cbcoQgdIVFlYg7B77UdFm', 'iSjGmUyiQm', '2018-03-30 20:49:46', '2018-03-30 20:49:46'),
(15, 'Brando Gutkowski DDS', 'bertha59@example.org', '$2y$10$TKh8H1.PfQx37YgCzwiKb.KjNyWgaHb9cbcoQgdIVFlYg7B77UdFm', '0DgMhGkcvQ', '2018-03-30 20:49:46', '2018-03-30 20:49:46'),
(16, 'Grover Gleason PhD', 'pprohaska@example.net', '$2y$10$TKh8H1.PfQx37YgCzwiKb.KjNyWgaHb9cbcoQgdIVFlYg7B77UdFm', 'xt55BnI5Bq', '2018-03-30 20:49:46', '2018-03-30 20:49:46'),
(17, 'Mrs. Edna Kihn', 'korbin99@example.org', '$2y$10$TKh8H1.PfQx37YgCzwiKb.KjNyWgaHb9cbcoQgdIVFlYg7B77UdFm', 'u1i44wYSzP', '2018-03-30 20:49:47', '2018-03-30 20:49:47'),
(18, 'Ali Olson', 'shirley.casper@example.org', '$2y$10$TKh8H1.PfQx37YgCzwiKb.KjNyWgaHb9cbcoQgdIVFlYg7B77UdFm', 'npUF0n8zw1', '2018-03-30 20:49:47', '2018-03-30 20:49:47'),
(19, 'Ignatius Emard', 'filomena44@example.org', '$2y$10$TKh8H1.PfQx37YgCzwiKb.KjNyWgaHb9cbcoQgdIVFlYg7B77UdFm', 'gbEOGSD4sg', '2018-03-30 20:49:47', '2018-03-30 20:49:47'),
(20, 'Dr. Randy Willms DVM', 'deanna.balistreri@example.net', '$2y$10$TKh8H1.PfQx37YgCzwiKb.KjNyWgaHb9cbcoQgdIVFlYg7B77UdFm', 'W6PRHJhGnw', '2018-03-30 20:49:47', '2018-03-30 20:49:47'),
(21, 'Muhammad Waelchi', 'abigayle64@example.com', '$2y$10$TKh8H1.PfQx37YgCzwiKb.KjNyWgaHb9cbcoQgdIVFlYg7B77UdFm', 'PNC9oOK3Bg', '2018-03-30 20:49:47', '2018-03-30 20:49:47'),
(22, 'Nellie Champlin', 'gorczany.max@example.org', '$2y$10$TKh8H1.PfQx37YgCzwiKb.KjNyWgaHb9cbcoQgdIVFlYg7B77UdFm', 'tgAmkPrGnq', '2018-03-30 20:49:47', '2018-03-30 20:49:47'),
(23, 'Quentin Ernser', 'anderson.angelina@example.net', '$2y$10$TKh8H1.PfQx37YgCzwiKb.KjNyWgaHb9cbcoQgdIVFlYg7B77UdFm', '3DpHAXhvI0', '2018-03-30 20:49:47', '2018-03-30 20:49:47'),
(24, 'Dr. Gisselle Bosco Sr.', 'kstehr@example.net', '$2y$10$TKh8H1.PfQx37YgCzwiKb.KjNyWgaHb9cbcoQgdIVFlYg7B77UdFm', 'byMP9GIlPX', '2018-03-30 20:49:47', '2018-03-30 20:49:47'),
(25, 'Monica Schroeder', 'wilderman.joshuah@example.org', '$2y$10$TKh8H1.PfQx37YgCzwiKb.KjNyWgaHb9cbcoQgdIVFlYg7B77UdFm', 'oGWIIPRrnD', '2018-03-30 20:49:47', '2018-03-30 20:49:47'),
(26, 'Chaim Kub', 'zhirthe@example.net', '$2y$10$TKh8H1.PfQx37YgCzwiKb.KjNyWgaHb9cbcoQgdIVFlYg7B77UdFm', 'C0EzIRS60H', '2018-03-30 20:49:47', '2018-03-30 20:49:47'),
(28, 'Miss Kamille Friesen', 'nitzsche.tommie@example.com', '$2y$10$TKh8H1.PfQx37YgCzwiKb.KjNyWgaHb9cbcoQgdIVFlYg7B77UdFm', 'gXjngCYldi', '2018-03-30 20:49:47', '2018-03-30 20:49:47'),
(29, 'Dr. Cordie Bradtke', 'quigley.ally@example.com', '$2y$10$TKh8H1.PfQx37YgCzwiKb.KjNyWgaHb9cbcoQgdIVFlYg7B77UdFm', 'o7ptP6qsqY', '2018-03-30 20:49:47', '2018-03-30 20:49:47'),
(30, 'Christian Rolando Orejuela', 'christian@gmail.com', '$2y$10$QbH81vVwnktGBp4qlGuJAu2s/ZKV9TDHB6NnvEsOMd5UOzW.HosDq', 'TXy86rwSB4gaGkyO2FtXSuLMmqitBbTfrsQuH8bbcaR9152rfqcYkbZukPxd', '2018-03-30 20:49:47', '2018-03-30 20:49:47');

--
-- Índices para tablas volcadas
--

--
-- Indices de la tabla `categories`
--
ALTER TABLE `categories`
  ADD PRIMARY KEY (`id`),
  ADD UNIQUE KEY `categories_slug_unique` (`slug`);

--
-- Indices de la tabla `migrations`
--
ALTER TABLE `migrations`
  ADD PRIMARY KEY (`id`);

--
-- Indices de la tabla `password_resets`
--
ALTER TABLE `password_resets`
  ADD KEY `password_resets_email_index` (`email`);

--
-- Indices de la tabla `posts`
--
ALTER TABLE `posts`
  ADD PRIMARY KEY (`id`),
  ADD UNIQUE KEY `posts_slug_unique` (`slug`),
  ADD KEY `posts_user_id_foreign` (`user_id`),
  ADD KEY `posts_category_id_foreign` (`category_id`);

--
-- Indices de la tabla `post_tag`
--
ALTER TABLE `post_tag`
  ADD PRIMARY KEY (`id`),
  ADD KEY `post_tag_post_id_foreign` (`post_id`),
  ADD KEY `post_tag_tag_id_foreign` (`tag_id`);

--
-- Indices de la tabla `tags`
--
ALTER TABLE `tags`
  ADD PRIMARY KEY (`id`),
  ADD UNIQUE KEY `tags_slug_unique` (`slug`);

--
-- Indices de la tabla `users`
--
ALTER TABLE `users`
  ADD PRIMARY KEY (`id`),
  ADD UNIQUE KEY `users_email_unique` (`email`);

--
-- AUTO_INCREMENT de las tablas volcadas
--

--
-- AUTO_INCREMENT de la tabla `categories`
--
ALTER TABLE `categories`
  MODIFY `id` int(10) UNSIGNED NOT NULL AUTO_INCREMENT, AUTO_INCREMENT=22;

--
-- AUTO_INCREMENT de la tabla `migrations`
--
ALTER TABLE `migrations`
  MODIFY `id` int(10) UNSIGNED NOT NULL AUTO_INCREMENT, AUTO_INCREMENT=25;

--
-- AUTO_INCREMENT de la tabla `posts`
--
ALTER TABLE `posts`
  MODIFY `id` int(10) UNSIGNED NOT NULL AUTO_INCREMENT, AUTO_INCREMENT=303;

--
-- AUTO_INCREMENT de la tabla `post_tag`
--
ALTER TABLE `post_tag`
  MODIFY `id` int(10) UNSIGNED NOT NULL AUTO_INCREMENT, AUTO_INCREMENT=903;

--
-- AUTO_INCREMENT de la tabla `tags`
--
ALTER TABLE `tags`
  MODIFY `id` int(10) UNSIGNED NOT NULL AUTO_INCREMENT, AUTO_INCREMENT=22;

--
-- AUTO_INCREMENT de la tabla `users`
--
ALTER TABLE `users`
  MODIFY `id` int(10) UNSIGNED NOT NULL AUTO_INCREMENT, AUTO_INCREMENT=31;

--
-- Restricciones para tablas volcadas
--

--
-- Filtros para la tabla `posts`
--
ALTER TABLE `posts`
  ADD CONSTRAINT `posts_category_id_foreign` FOREIGN KEY (`category_id`) REFERENCES `categories` (`id`) ON DELETE CASCADE ON UPDATE CASCADE,
  ADD CONSTRAINT `posts_user_id_foreign` FOREIGN KEY (`user_id`) REFERENCES `users` (`id`) ON DELETE CASCADE ON UPDATE CASCADE;

--
-- Filtros para la tabla `post_tag`
--
ALTER TABLE `post_tag`
  ADD CONSTRAINT `post_tag_post_id_foreign` FOREIGN KEY (`post_id`) REFERENCES `posts` (`id`) ON DELETE CASCADE ON UPDATE CASCADE,
  ADD CONSTRAINT `post_tag_tag_id_foreign` FOREIGN KEY (`tag_id`) REFERENCES `tags` (`id`) ON DELETE CASCADE ON UPDATE CASCADE;
COMMIT;

/*!40101 SET CHARACTER_SET_CLIENT=@OLD_CHARACTER_SET_CLIENT */;
/*!40101 SET CHARACTER_SET_RESULTS=@OLD_CHARACTER_SET_RESULTS */;
/*!40101 SET COLLATION_CONNECTION=@OLD_COLLATION_CONNECTION */;
